U.S. Energy Information Administration,,,,,,,,,,,,
February 2020 Monthly Energy Review,,,,,,,,,,,,
,,,,,,,,,,,,
0,,,,,,,,,,,,
,,,,,,,,,,,,
"Release Date: February 25, 2020",,,,,,,,,,,,
"Next Update: March 26, 2020",,,,,,,,,,,,
,,,,,,,,,,,,
Table 1.3 Primary Energy Consumption by Source,,,,,,,,,,,,
,,,,,,,,,,,,
Month,Coal Consumption,Natural Gas Consumption (Excluding Supplemental Gaseous Fuels),Petroleum Consumption (Excluding Biofuels),Total Fossil Fuels Consumption,Nuclear Electric Power Consumption,Hydroelectric Power Consumption,Geothermal Energy Consumption,Solar Energy Consumption,Wind Energy Consumption,Biomass Energy Consumption,Total Renewable Energy Consumption,Total Primary Energy Consumption
,(Quadrillion Btu),(Quadrillion Btu),(Quadrillion Btu),(Quadrillion Btu),(Quadrillion Btu),(Quadrillion Btu),(Quadrillion Btu),(Quadrillion Btu),(Quadrillion Btu),(Quadrillion Btu),(Quadrillion Btu),(Quadrillion Btu)
01/01/1973,1.166191,2.397308,3.185268,6.747651,0.068103,0.272703,0.001491,Not Available,Not Available,0.129787,0.403981,7.223873
02/01/1973,1.050588,2.170646,2.941986,6.163095,0.064634,0.242199,0.001363,Not Available,Not Available,0.117338,0.3609,6.592366
03/01/1973,1.046856,2.057315,2.942485,6.044647,0.072494,0.26881,0.001412,Not Available,Not Available,0.129938,0.400161,6.521439
04/01/1973,0.998979,1.873535,2.621315,5.493184,0.06407,0.253185,0.001649,Not Available,Not Available,0.125636,0.38047,5.941729
05/01/1973,1.014502,1.765309,2.836567,5.613551,0.062111,0.26077,0.001537,Not Available,Not Available,0.129834,0.392141,6.07194
06/01/1973,1.050077,1.566214,2.731435,5.347479,0.073968,0.249859,0.001763,Not Available,Not Available,0.125611,0.377232,5.802683
07/01/1973,1.110438,1.590718,2.80454,5.504556,0.07589,0.23567,0.001869,Not Available,Not Available,0.129787,0.367325,5.951909
08/01/1973,1.135679,1.615222,2.999441,5.748879,0.084883,0.222077,0.001762,Not Available,Not Available,0.129918,0.353757,6.191657
09/01/1973,1.057732,1.559067,2.761173,5.376782,0.085724,0.179733,0.001492,Not Available,Not Available,0.125782,0.307006,5.773515
10/01/1973,1.083177,1.743868,2.936519,5.7653,0.081971,0.191723,0.00176,Not Available,Not Available,0.12997,0.323453,6.174862
11/01/1973,1.08859,1.945005,3.053629,6.08844,0.088773,0.210285,0.001889,Not Available,Not Available,0.125643,0.337817,6.519033
12/01/1973,1.16868,2.227822,2.991666,6.388515,0.087557,0.274435,0.002435,Not Available,Not Available,0.129824,0.406694,6.886904
01/01/1974,1.145845,2.28352,2.944909,6.378043,0.084855,0.304506,0.002154,Not Available,Not Available,0.130807,0.437467,6.904043
02/01/1974,1.036439,2.103296,2.677772,5.820458,0.090577,0.27995,0.001901,Not Available,Not Available,0.118091,0.399942,6.3143
03/01/1974,1.050801,2.051072,2.740105,5.845649,0.097966,0.290582,0.002165,Not Available,Not Available,0.130727,0.423474,6.370767
04/01/1974,0.994963,1.731584,2.624656,5.355618,0.079566,0.293702,0.002039,Not Available,Not Available,0.126583,0.422323,5.861066
05/01/1974,1.029181,1.646592,2.678975,5.359907,0.073242,0.294828,0.00204,Not Available,Not Available,0.130789,0.427657,5.864485
06/01/1974,1.014433,1.473536,2.65905,5.150392,0.079015,0.280695,0.001975,Not Available,Not Available,0.126611,0.409281,5.642248
07/01/1974,1.110438,1.550336,2.793658,5.458003,0.113953,0.276772,0.002191,Not Available,Not Available,0.130756,0.409719,5.985353
08/01/1974,1.112559,1.54624,2.825426,5.488069,0.137654,0.253175,0.002163,Not Available,Not Available,0.130763,0.386101,6.015502
09/01/1974,1.005508,1.573888,2.64493,5.230848,0.12288,0.225274,0.001999,Not Available,Not Available,0.126637,0.35391,5.711198
10/01/1974,1.051737,1.746944,2.905632,5.713389,0.121248,0.210955,0.00203,Not Available,Not Available,0.130718,0.343703,6.182018
11/01/1974,1.022021,1.870848,2.859805,5.757535,0.122819,0.222713,0.002414,Not Available,Not Available,0.126506,0.351633,6.235546
12/01/1974,1.088954,2.154496,3.065694,6.314029,0.148309,0.243428,0.00254,Not Available,Not Available,0.130674,0.376642,6.842659
01/01/1975,1.131658,2.295208,3.072693,6.508066,0.153503,0.263371,0.002117,Not Available,Not Available,0.127269,0.392756,7.056118
02/01/1975,1.038817,1.979719,2.632196,5.658866,0.140232,0.251317,0.002019,Not Available,Not Available,0.114942,0.368278,6.168996
03/01/1975,1.072008,1.942963,2.776781,5.794307,0.163893,0.293961,0.002277,Not Available,Not Available,0.127251,0.42349,6.383482
04/01/1975,0.996432,1.608075,2.639706,5.244039,0.146773,0.279947,0.002281,Not Available,Not Available,0.123139,0.405368,5.797914
05/01/1975,0.976643,1.358951,2.578863,4.917011,0.15158,0.291504,0.002475,Not Available,Not Available,0.127303,0.421283,5.491667
06/01/1975,1.021948,1.283397,2.57824,4.881923,0.140348,0.28531,0.00307,Not Available,Not Available,0.123241,0.411622,5.435627
07/01/1975,1.081702,1.340573,2.678403,5.099561,0.169294,0.268081,0.003091,Not Available,Not Available,0.127288,0.398459,5.669107
08/01/1975,1.116476,1.397749,2.687048,5.199413,0.174883,0.237557,0.003351,Not Available,Not Available,0.127321,0.36823,5.744318
09/01/1975,1.00335,1.39877,2.596741,4.996158,0.158543,0.215793,0.002954,Not Available,Not Available,0.12321,0.341957,5.498393
10/01/1975,1.020889,1.576424,2.781396,5.377048,0.161078,0.238068,0.003406,Not Available,Not Available,0.127312,0.368786,5.908704
11/01/1975,1.044129,1.67444,2.590402,5.309492,0.155988,0.256706,0.00331,Not Available,Not Available,0.12318,0.383196,5.850411
12/01/1975,1.158734,2.092029,3.086312,6.337521,0.183682,0.27299,0.003429,Not Available,Not Available,0.127277,0.403696,6.926691
01/01/1976,1.201363,2.33682,3.17305,6.710216,0.177844,0.273323,0.003403,Not Available,Not Available,0.145049,0.421775,7.312324
02/01/1976,1.063557,1.97676,2.797522,5.836128,0.158824,0.257277,0.0032,Not Available,Not Available,0.135695,0.396173,6.393452
03/01/1976,1.103547,1.75542,2.950439,5.807521,0.15458,0.278567,0.003426,Not Available,Not Available,0.145051,0.427044,6.391633
04/01/1976,1.054029,1.53816,2.744806,5.334664,0.121316,0.253482,0.003086,Not Available,Not Available,0.140363,0.396931,5.855319
05/01/1976,1.060057,1.46268,2.723288,5.243322,0.131784,0.267732,0.002949,Not Available,Not Available,0.145047,0.415728,5.793322
06/01/1976,1.09882,1.3617,2.777649,5.236508,0.174072,0.268088,0.003063,Not Available,Not Available,0.140405,0.411555,5.824544
07/01/1976,1.171113,1.39944,2.834785,5.40514,0.195628,0.273026,0.003311,Not Available,Not Available,0.145088,0.421425,6.024682
08/01/1976,1.17987,1.34334,2.842559,5.367256,0.202851,0.249759,0.00326,Not Available,Not Available,0.14511,0.398129,5.970726
09/01/1976,1.081958,1.32804,2.778502,5.18912,0.191006,0.213376,0.003173,Not Available,Not Available,0.140436,0.356984,5.739519
10/01/1976,1.119412,1.65342,2.902739,5.681201,0.191723,0.22099,0.003082,Not Available,Not Available,0.145114,0.369186,6.244598
11/01/1976,1.176231,1.9125,3.107876,6.197897,0.178235,0.208138,0.002597,Not Available,Not Available,0.140651,0.351386,6.729925
12/01/1976,1.27411,2.27664,3.50877,7.0619,0.233256,0.212507,0.002963,Not Available,Not Available,0.145364,0.360834,7.658479
01/01/1977,1.266433,2.457547,3.507984,7.230327,0.238556,0.219069,0.003232,Not Available,Not Available,0.15622,0.378521,7.852451
02/01/1977,1.121735,1.854136,3.158978,6.134899,0.211078,0.160329,0.002823,Not Available,Not Available,0.141176,0.304328,6.654863
03/01/1977,1.12922,1.751015,3.098805,5.97723,0.222619,0.209549,0.0032,Not Available,Not Available,0.156217,0.368966,6.573861
04/01/1977,1.041243,1.469219,2.900699,5.409177,0.213943,0.197287,0.002854,Not Available,Not Available,0.151161,0.351301,5.979305
05/01/1977,1.103387,1.407959,2.901985,5.413653,0.221834,0.197656,0.003081,Not Available,Not Available,0.156186,0.356923,5.997456
06/01/1977,1.1621,1.360993,2.989659,5.512801,0.23172,0.182303,0.003029,Not Available,Not Available,0.151153,0.336485,6.08589
07/01/1977,1.257119,1.352825,3.007273,5.618804,0.235032,0.177779,0.003204,Not Available,Not Available,0.15592,0.336903,6.195785
08/01/1977,1.231003,1.392644,3.09014,5.714704,0.244991,0.176863,0.002937,Not Available,Not Available,0.156081,0.335881,6.300623
09/01/1977,1.135635,1.456967,2.936273,5.535869,0.211395,0.173821,0.003144,Not Available,Not Available,0.15111,0.328075,6.080223
10/01/1977,1.127504,1.549878,3.039576,5.72095,0.205053,0.181908,0.003288,Not Available,Not Available,0.156172,0.341368,6.272418
11/01/1977,1.139472,1.72549,3.03494,5.900695,0.209548,0.215864,0.003303,Not Available,Not Available,0.151,0.370168,6.485295
12/01/1977,1.207253,2.152268,3.41633,6.781158,0.255994,0.240826,0.003288,Not Available,Not Available,0.155935,0.400048,7.442248
01/01/1978,1.195802,2.427258,3.369733,6.994146,0.282638,0.262529,0.003326,Not Available,Not Available,0.173128,0.438983,7.721485
02/01/1978,1.00151,2.179641,3.234538,6.416481,0.238869,0.232625,0.002854,Not Available,Not Available,0.156387,0.391866,7.052381
03/01/1978,0.953062,1.954442,3.368195,6.280715,0.245611,0.257965,0.002359,Not Available,Not Available,0.173136,0.433459,6.965503
04/01/1978,1.019025,1.568241,2.938869,5.537677,0.192342,0.265041,0.001989,Not Available,Not Available,0.167349,0.434379,6.169931
05/01/1978,1.088001,1.40622,3.114781,5.63302,0.223373,0.301188,0.001772,Not Available,Not Available,0.172923,0.475883,6.337994
06/01/1978,1.162388,1.272731,3.025056,5.469015,0.242728,0.263109,0.002179,Not Available,Not Available,0.16734,0.432628,6.149904
07/01/1978,1.237363,1.358327,3.019691,5.629409,0.273603,0.256107,0.002441,Not Available,Not Available,0.172912,0.431461,6.34019
08/01/1978,1.278218,1.309415,3.201369,5.801865,0.280082,0.232357,0.002871,Not Available,Not Available,0.173189,0.408417,6.496081
09/01/1978,1.211465,1.258465,2.965814,5.446963,0.242769,0.221801,0.003031,Not Available,Not Available,0.167455,0.392287,6.087552
10/01/1978,1.166964,1.46736,3.139837,5.788479,0.251605,0.204012,0.002254,Not Available,Not Available,0.173169,0.379436,6.425237
11/01/1978,1.170315,1.689502,3.1566,6.02842,0.272438,0.208974,0.002547,Not Available,Not Available,0.167557,0.379078,6.685469
12/01/1978,1.281463,2.108311,3.384635,6.783142,0.278067,0.231275,0.003228,Not Available,Not Available,0.17306,0.407564,7.474491
01/01/1979,1.352487,2.476946,3.502897,7.336166,0.302351,0.262096,0.003099,Not Available,Not Available,0.1826,0.447796,8.092205
02/01/1979,1.203643,2.250284,3.275613,6.732512,0.281883,0.222855,0.002535,Not Available,Not Available,0.165096,0.390487,7.410205
03/01/1979,1.2125,1.920501,3.287034,6.42199,0.264739,0.271516,0.003402,Not Available,Not Available,0.182881,0.457799,7.150421
04/01/1979,1.140389,1.627474,2.862597,5.635417,0.200369,0.265941,0.003146,Not Available,Not Available,0.176844,0.445932,6.28742
05/01/1979,1.19397,1.459009,3.024277,5.688216,0.163455,0.303134,0.003164,Not Available,Not Available,0.182782,0.48908,6.346644
06/01/1979,1.238154,1.336489,2.937072,5.520908,0.174776,0.261646,0.003204,Not Available,Not Available,0.176833,0.441683,6.14307
07/01/1979,1.334783,1.35793,2.919158,5.619578,0.226552,0.238414,0.003398,Not Available,Not Available,0.1827,0.424513,6.276536
08/01/1979,1.342578,1.370182,3.093268,5.814576,0.263316,0.222695,0.003707,Not Available,Not Available,0.182808,0.40921,6.492996
09/01/1979,1.198249,1.356909,2.868191,5.431098,0.237204,0.198794,0.003217,Not Available,Not Available,0.176891,0.378903,6.052908
10/01/1979,1.231391,1.589697,3.087436,5.911981,0.227745,0.211243,0.003607,Not Available,Not Available,0.182752,0.397602,6.54322
11/01/1979,1.237532,1.805128,3.006554,6.049123,0.209477,0.234286,0.003505,Not Available,Not Available,0.176949,0.41474,6.679042
12/01/1979,1.35391,2.115512,3.211645,6.682671,0.223959,0.238063,0.004275,Not Available,Not Available,0.18277,0.425109,7.337632
01/01/1980,1.394041,2.278492,3.188828,6.864636,0.215389,0.265618,0.003495,Not Available,Not Available,0.209829,0.478943,7.565016
02/01/1980,1.309761,2.186179,2.987494,6.482913,0.210277,0.224631,0.003357,Not Available,Not Available,0.19631,0.424298,7.123145
03/01/1980,1.291623,2.090937,2.948824,6.328141,0.218584,0.255676,0.003731,Not Available,Not Available,0.209727,0.469134,7.021907
04/01/1980,1.155186,1.562193,2.757535,5.470245,0.205,0.270552,0.003909,Not Available,Not Available,0.202894,0.477356,6.158453
05/01/1980,1.15954,1.380874,2.748166,5.283326,0.200541,0.303305,0.004603,Not Available,Not Available,0.209548,0.517456,6.00737
06/01/1980,1.231174,1.277249,2.664502,5.168984,0.199859,0.290604,0.004441,Not Available,Not Available,0.202723,0.497768,5.872463
07/01/1980,1.385342,1.318738,2.728917,5.42874,0.229329,0.257106,0.00467,Not Available,Not Available,0.209554,0.471331,6.135448
08/01/1980,1.377215,1.305406,2.683241,5.36277,0.265424,0.214693,0.004991,Not Available,Not Available,0.209675,0.429358,6.063599
09/01/1980,1.257702,1.322794,2.729299,5.305752,0.257127,0.194301,0.004506,Not Available,Not Available,0.202905,0.401712,5.970443
10/01/1980,1.224097,1.549528,2.873005,5.640628,0.267351,0.18773,0.005117,Not Available,Not Available,0.209717,0.402564,6.31659
11/01/1980,1.246566,1.791974,2.73927,5.775618,0.228892,0.201929,0.005002,Not Available,Not Available,0.202945,0.409876,6.420238
12/01/1980,1.39054,2.167904,3.110452,6.667805,0.241396,0.233998,0.004877,Not Available,Not Available,0.209671,0.448546,7.363795
01/01/1981,1.467366,2.319606,3.11837,6.904959,0.26228,0.236553,0.005284,Not Available,Not Available,0.220544,0.462381,7.639252
02/01/1981,1.297021,1.928722,2.585717,5.810571,0.238196,0.223123,0.004671,Not Available,Not Available,0.199248,0.427043,6.484509
03/01/1981,1.304283,1.933264,2.675019,5.910062,0.242709,0.217976,0.005237,Not Available,Not Available,0.220595,0.443808,6.60621
04/01/1981,1.186599,1.51385,2.500958,5.20014,0.227726,0.219717,0.004836,Not Available,Not Available,0.213467,0.43802,5.875206
05/01/1981,1.194768,1.451464,2.585675,5.231949,0.217546,0.2552,0.004791,Not Available,Not Available,0.220433,0.480423,5.93955
06/01/1981,1.295935,1.331774,2.632443,5.255929,0.233457,0.278976,0.004782,Not Available,Not Available,0.213237,0.496995,5.995702
07/01/1981,1.463331,1.336794,2.652557,5.452931,0.254569,0.265656,0.005256,Not Available,Not Available,0.220392,0.491304,6.208435
08/01/1981,1.430796,1.335664,2.585304,5.352038,0.297219,0.228409,0.005191,Not Available,Not Available,0.220428,0.454028,6.112916
09/01/1981,1.296714,1.286644,2.553468,5.135095,0.269115,0.188516,0.005224,Not Available,Not Available,0.21348,0.40722,5.820751
10/01/1981,1.284573,1.545294,2.663528,5.490746,0.226731,0.191231,0.005153,Not Available,Not Available,0.220581,0.416966,6.144075
11/01/1981,1.27444,1.647118,2.537492,5.459212,0.251301,0.200541,0.004498,Not Available,Not Available,0.213437,0.418476,6.13831
12/01/1981,1.411723,2.113001,2.793473,6.315167,0.286743,0.252071,0.004513,Not Available,Not Available,0.22044,0.477024,7.088566
01/01/1982,1.488841,2.447351,2.704918,6.640697,0.284331,0.284215,0.003975,Not Available,Not Available,0.226251,0.51444,7.448166
02/01/1982,1.294926,2.02315,2.433874,5.750531,0.223538,0.281593,0.003656,Not Available,Not Available,0.204375,0.489624,6.471248
03/01/1982,1.26221,1.87359,2.606926,5.740713,0.251971,0.315347,0.00322,Not Available,Not Available,0.226157,0.544724,6.544007
04/01/1982,1.154664,1.514599,2.60736,5.27593,0.241222,0.295061,0.003247,Not Available,Not Available,0.218821,0.517128,6.040586
05/01/1982,1.188681,1.158395,2.485054,4.829676,0.239606,0.295887,0.003773,Not Available,Not Available,0.226135,0.525795,5.602379
06/01/1982,1.212642,1.136504,2.438379,4.78391,0.26604,0.295552,0.004556,Not Available,Not Available,0.218866,0.518974,5.572673
07/01/1982,1.383398,1.167608,2.480346,5.028317,0.281997,0.288273,0.004792,Not Available,Not Available,0.226202,0.519267,5.835852
08/01/1982,1.376905,1.174323,2.497944,5.047842,0.276671,0.252259,0.004776,Not Available,Not Available,0.226168,0.483203,5.818627
09/01/1982,1.22966,1.162899,2.434187,4.823564,0.281149,0.210219,0.004581,Not Available,Not Available,0.218947,0.433748,5.549273
10/01/1982,1.192804,1.335372,2.490956,5.017757,0.257422,0.208623,0.004877,Not Available,Not Available,0.226373,0.439874,5.726507
11/01/1982,1.231755,1.589784,2.420923,5.241011,0.257281,0.245861,0.005122,Not Available,Not Available,0.218948,0.46993,5.978943
12/01/1982,1.305074,1.772929,2.578628,5.655954,0.269921,0.292668,0.004053,Not Available,Not Available,0.22621,0.52293,6.458452
01/01/1983,1.359687,2.265754,2.438421,6.062504,0.273422,0.310615,0.005087,Not Available,0.000002,0.246575,0.562279,6.907502
02/01/1983,1.180042,1.888071,2.223831,5.290891,0.242067,0.296625,0.003913,Not Available,0,0.222738,0.523276,6.065647
03/01/1983,1.196034,1.788953,2.604959,5.58921,0.260523,0.32173,0.00451,Not Available,0.000003,0.24661,0.572853,6.431871
04/01/1983,1.13955,1.533045,2.385301,5.055553,0.243561,0.318603,0.004227,Not Available,0.000002,0.238625,0.561458,5.869679
05/01/1983,1.172176,1.260206,2.432262,4.862973,0.240465,0.331656,0.003434,Not Available,0.000003,0.246647,0.581741,5.692724
06/01/1983,1.25652,1.090922,2.489536,4.836114,0.263376,0.326237,0.004518,Not Available,0.000002,0.238736,0.569493,5.677988
07/01/1983,1.499058,1.086246,2.517064,5.100754,0.279191,0.298715,0.005627,Not Available,0.000001,0.246651,0.550993,5.941322
08/01/1983,1.573899,1.123874,2.606248,5.303409,0.285725,0.274189,0.007404,Not Available,0,0.246695,0.528288,6.128631
09/01/1983,1.366111,1.060564,2.513007,4.938737,0.272705,0.23065,0.006764,Not Available,0.000004,0.238755,0.476173,5.699808
10/01/1983,1.304357,1.125246,2.505054,4.933914,0.281314,0.220423,0.007091,Not Available,0.000005,0.246732,0.474251,5.701452
11/01/1983,1.325008,1.316659,2.504586,5.145302,0.272735,0.26194,0.006311,Not Available,0.000004,0.23878,0.507035,5.935601
12/01/1983,1.521978,1.681296,2.776983,5.977512,0.287465,0.335876,0.005025,Not Available,0.000001,0.246871,0.587773,6.863357
01/01/1984,1.551521,2.399247,2.804008,6.755532,0.317844,0.313504,0.005094,-0.000001,0,0.251483,0.570081,7.654075
02/01/1984,1.35899,2.005105,2.404095,5.770207,0.308326,0.293845,0.006222,0.000001,0.000002,0.235169,0.535239,6.623097
03/01/1984,1.402844,1.887051,2.684594,5.973514,0.296499,0.32067,0.006838,0.000002,0.000002,0.251529,0.57904,6.858673
04/01/1984,1.271621,1.639935,2.520623,5.431746,0.262738,0.315985,0.006748,0.000003,0.000006,0.243277,0.566019,6.270456
05/01/1984,1.297942,1.380376,2.608349,5.286097,0.280471,0.335607,0.006473,0.000007,0.000008,0.251408,0.593504,6.170762
06/01/1984,1.439065,1.204611,2.547346,5.188581,0.274321,0.303719,0.006283,0.00001,0.000006,0.243303,0.553321,6.026485
07/01/1984,1.51922,1.180805,2.589785,5.288875,0.306687,0.289982,0.005997,0.000003,0.000005,0.251632,0.547618,6.155513
08/01/1984,1.586855,1.181397,2.697843,5.46417,0.319793,0.264894,0.007509,0.000009,0.000003,0.251638,0.524053,6.323114
09/01/1984,1.383544,1.110435,2.468375,4.961915,0.316027,0.220536,0.006763,0.00001,0.000005,0.243596,0.47091,5.761176
10/01/1984,1.395014,1.208513,2.599145,5.19925,0.268621,0.220205,0.007424,0.000007,0.000009,0.251974,0.47962,5.960973
11/01/1984,1.393904,1.424191,2.521827,5.337341,0.266462,0.234699,0.007331,0.000004,0.000009,0.244068,0.48611,6.100793
12/01/1984,1.470103,1.771942,2.547104,5.788606,0.334742,0.272166,0.008127,0,0.000013,0.252042,0.532347,6.666436
01/01/1985,1.599226,2.155823,2.672391,6.42789,0.384371,0.290793,0.008086,0.000005,0.000007,0.256315,0.555205,7.377254
02/01/1985,1.405395,2.206765,2.419434,6.03303,0.32729,0.273175,0.007141,-0.000001,0.000011,0.231512,0.511838,6.880264
03/01/1985,1.385744,1.767205,2.557334,5.710393,0.32972,0.260344,0.008314,0.000001,0.000007,0.256336,0.525002,6.577553
04/01/1985,1.319424,1.481028,2.501434,5.302405,0.28104,0.258039,0.007281,0.000013,0.000006,0.247599,0.512937,6.10613
05/01/1985,1.384445,1.17293,2.592054,5.146409,0.304823,0.279498,0.007571,0.000015,0.000004,0.255881,0.542968,6.005352
06/01/1985,1.431061,1.100814,2.503708,5.033449,0.32755,0.252373,0.007294,0.000016,0.000004,0.247643,0.50733,5.88048
07/01/1985,1.584552,1.14242,2.584345,5.309635,0.373727,0.225387,0.008019,0.000011,0.000001,0.256159,0.489577,6.187443
08/01/1985,1.561888,1.141786,2.693552,5.395869,0.369775,0.211206,0.008381,0.000021,0.000004,0.256301,0.475912,6.256987
09/01/1985,1.424542,1.065341,2.43853,4.925617,0.366541,0.198288,0.007966,0.000014,0.000009,0.247997,0.454274,5.759
10/01/1985,1.389491,1.171877,2.647682,5.207793,0.331461,0.211589,0.007626,0.00001,0.000005,0.256175,0.475406,6.026246
11/01/1985,1.385921,1.345754,2.499163,5.228088,0.320428,0.242115,0.009416,0.000003,0.000002,0.24807,0.499606,6.059118
12/01/1985,1.606739,1.951717,2.757676,6.315121,0.358837,0.267386,0.010325,0.000002,0.000001,0.256246,0.53396,7.219105
01/01/1986,1.628376,2.205211,2.680492,6.514033,0.383159,0.226352,0.010526,0.000007,0.000002,0.249178,0.486064,7.395548
02/01/1986,1.412688,1.930555,2.442941,5.785886,0.346156,0.245152,0.00904,0.000006,0.000002,0.224922,0.479122,6.620399
03/01/1986,1.385114,1.772385,2.727101,5.883728,0.325549,0.30028,0.009403,0.000011,0.000007,0.248837,0.558538,6.775964
04/01/1986,1.264564,1.380229,2.594758,5.239137,0.322413,0.290609,0.008479,0.000014,0.000006,0.240788,0.539897,6.109551
05/01/1986,1.32118,1.192312,2.696101,5.206938,0.337725,0.287656,0.008568,0.000019,0.000008,0.248822,0.545072,6.099383
06/01/1986,1.46356,1.059219,2.624776,5.147695,0.331481,0.27726,0.009295,0.000015,0.000005,0.240837,0.527412,6.015826
07/01/1986,1.64801,1.053847,2.750898,5.451039,0.379718,0.254396,0.009862,0.000017,0.000005,0.249011,0.513292,6.354208
08/01/1986,1.515011,1.016637,2.80541,5.331362,0.396534,0.22381,0.009839,0.000017,0.000005,0.249176,0.482847,6.223701
09/01/1986,1.401321,0.960084,2.586916,4.947904,0.387113,0.222779,0.008245,0.000015,0.000001,0.241074,0.472114,5.818638
10/01/1986,1.355954,1.037874,2.771165,5.164399,0.383103,0.225018,0.008105,0.000013,0.000002,0.248974,0.482113,6.039911
11/01/1986,1.366752,1.271522,2.612738,5.247547,0.369674,0.244175,0.007015,0.000009,0,0.241122,0.492321,6.119265
12/01/1986,1.497876,1.711484,2.857621,6.066258,0.417484,0.273692,0.009299,0.000003,0,0.249352,0.532346,7.027262
01/01/1987,1.563157,2.179929,2.778384,6.520368,0.417417,0.267809,0.009317,0.000001,0.000001,0.244137,0.521265,7.472334
02/01/1987,1.357526,1.968916,2.551887,5.879311,0.382159,0.223722,0.00864,0.000006,0,0.220511,0.452878,6.729068
03/01/1987,1.372447,1.7931,2.699987,5.863944,0.389382,0.245143,0.009473,0.000009,0,0.244157,0.498782,6.767036
04/01/1987,1.322692,1.472949,2.674699,5.470761,0.349992,0.232573,0.008929,0.000013,0.000002,0.236139,0.477656,6.313868
05/01/1987,1.419056,1.212924,2.687267,5.319684,0.358374,0.255627,0.009382,0.000013,0.000003,0.244007,0.509032,6.199256
06/01/1987,1.553622,1.125283,2.737218,5.417632,0.38176,0.220689,0.009635,0.000017,0.00001,0.236522,0.466873,6.280222
07/01/1987,1.731657,1.118428,2.874513,5.724864,0.41826,0.21334,0.009961,0.000019,0.000013,0.244359,0.467691,6.626659
08/01/1987,1.719952,1.151681,2.746301,5.618573,0.431801,0.194652,0.009923,0.000012,0.000002,0.244396,0.448986,6.514555
09/01/1987,1.484318,1.068976,2.704211,5.26135,0.414191,0.191635,0.009257,0.000008,0.000002,0.236298,0.437201,6.123881
10/01/1987,1.448063,1.250133,2.827616,5.527906,0.381045,0.189215,0.009375,0.000006,0.000001,0.244059,0.442655,6.362769
11/01/1987,1.433762,1.450775,2.630898,5.517998,0.390924,0.177943,0.009064,0.000003,0.000001,0.236197,0.423208,6.342057
12/01/1987,1.602198,1.846705,2.905377,6.352849,0.438627,0.222161,0.009312,0.000002,0.000002,0.244104,0.47558,7.277377
01/01/1988,1.684214,2.237883,2.895584,6.820914,0.473469,0.230477,0.009312,0.000005,0.000007,0.255331,0.495132,7.800316
02/01/1988,1.539149,2.085677,2.775957,6.402514,0.447892,0.199789,0.008013,0.000008,0,0.238853,0.446663,7.308187
03/01/1988,1.48558,1.910986,2.949037,6.351358,0.465555,0.204359,0.009341,0.000013,0,0.255385,0.469098,7.296746
04/01/1988,1.368241,1.498021,2.689981,5.560392,0.424786,0.200293,0.008454,0.000005,0,0.247241,0.455993,6.449806
05/01/1988,1.418454,1.333133,2.716171,5.466201,0.430975,0.222701,0.00831,0.000013,0,0.255188,0.486212,6.390836
06/01/1988,1.601226,1.19723,2.774459,5.577641,0.467326,0.197723,0.008815,0.000014,0,0.24734,0.453891,6.507738
07/01/1988,1.748765,1.203533,2.804455,5.763547,0.528281,0.17742,0.009589,0.000012,0,0.255582,0.442602,6.74603
08/01/1988,1.819299,1.250795,2.945102,6.018489,0.519872,0.172238,0.009149,0.000012,0,0.255815,0.437214,6.988178
09/01/1988,1.522329,1.124432,2.765934,5.415734,0.49056,0.170174,0.008772,0.00001,0,0.247357,0.426312,6.340877
10/01/1988,1.498257,1.259569,2.942807,5.704981,0.451551,0.158144,0.008939,0.000001,0,0.255517,0.422602,6.586707
11/01/1988,1.493134,1.485535,2.850221,5.829882,0.419662,0.192932,0.008874,0.000001,0,0.247096,0.448903,6.704226
12/01/1988,1.667662,1.861598,3.063919,6.596231,0.467038,0.208016,0.00877,0.000001,0.000001,0.255345,0.472132,7.54036
01/01/1989,1.661361,2.093063,2.872847,6.634584,0.490288,0.22404,0.014134,0.002882,0.001521,0.266572,0.509147,7.638755
02/01/1989,1.570485,2.082145,2.697285,6.352085,0.409824,0.19931,0.012761,0.003105,0.002331,0.243927,0.461435,7.22961
03/01/1989,1.558177,2.022197,3.003263,6.586898,0.419471,0.242358,0.015001,0.004371,0.002671,0.268315,0.532715,7.54118
04/01/1989,1.421056,1.650696,2.693884,5.772522,0.354476,0.257728,0.013095,0.004845,0.002484,0.251946,0.530097,6.660423
05/01/1989,1.465828,1.413189,2.778194,5.66289,0.405739,0.30024,0.013857,0.005239,0.002131,0.241235,0.562701,6.63539
06/01/1989,1.571761,1.262426,2.849206,5.687456,0.454815,0.277046,0.013664,0.005348,0.001631,0.248447,0.546136,6.693825
07/01/1989,1.705408,1.288763,2.771958,5.769796,0.553819,0.242678,0.013872,0.005748,0.001482,0.261318,0.525098,6.856061
08/01/1989,1.717331,1.282892,2.924922,5.927662,0.581511,0.216086,0.013414,0.005595,0.001075,0.276985,0.513154,7.028179
09/01/1989,1.550947,1.242952,2.719971,5.515428,0.474507,0.202515,0.01252,0.005181,0.002923,0.264811,0.487949,6.480977
10/01/1989,1.524699,1.400854,2.896565,5.818518,0.460972,0.214892,0.013157,0.004717,0.001832,0.276462,0.51106,6.790633
11/01/1989,1.534514,1.630263,2.799093,5.962743,0.459296,0.226777,0.012562,0.003885,0.001281,0.276819,0.521324,6.940304
12/01/1989,1.788196,2.232167,3.157566,7.175947,0.537442,0.233595,0.013504,0.003551,0.000671,0.28252,0.533841,8.245459
01/01/1990,1.651617,2.214586,2.849383,6.71583,0.583273,0.253277,0.015036,0.003133,0.003134,0.236692,0.511272,7.80923
02/01/1990,1.465526,1.907248,2.597232,5.970118,0.528705,0.262555,0.013739,0.003396,0.002405,0.226266,0.508361,7.00371
03/01/1990,1.528733,1.87065,2.853453,6.25336,0.487694,0.301333,0.015116,0.004686,0.002551,0.244248,0.567935,7.305264
04/01/1990,1.449803,1.668133,2.714167,5.83131,0.407576,0.276175,0.01208,0.005161,0.004373,0.23264,0.53043,6.767829
05/01/1990,1.477073,1.452612,2.837106,5.766968,0.454445,0.291917,0.01414,0.005865,0.003644,0.210108,0.525673,6.746034
06/01/1990,1.604918,1.350899,2.806675,5.763212,0.490288,0.300121,0.014647,0.005823,0.004227,0.178544,0.503363,6.756042
07/01/1990,1.740572,1.341798,2.876087,5.961692,0.567668,0.257581,0.014779,0.006183,0.001239,0.219713,0.499495,7.03223
08/01/1990,1.776442,1.372602,3.040655,6.188925,0.590033,0.230354,0.014592,0.006147,0.000729,0.245632,0.497455,7.279162
09/01/1990,1.639972,1.333192,2.67668,5.650824,0.513067,0.187254,0.013746,0.005469,0.000947,0.239932,0.447349,6.613364
10/01/1990,1.604968,1.458073,2.818935,5.882538,0.459207,0.203213,0.014398,0.005038,0.002114,0.235437,0.460199,6.806998
11/01/1990,1.535479,1.609279,2.68843,5.832145,0.476554,0.219084,0.013805,0.004015,0.002405,0.220256,0.459565,6.771696
12/01/1990,1.697532,2.024196,2.742093,6.464655,0.545839,0.263525,0.014668,0.003851,0.001239,0.245644,0.528927,7.54228
01/01/1991,1.748968,2.389278,2.79138,6.931248,0.570005,0.280572,0.015446,0.00328,0.000648,0.269531,0.569477,8.07392
02/01/1991,1.460729,1.987785,2.44256,5.892879,0.501792,0.240524,0.013497,0.003535,0.003026,0.204535,0.465116,6.862152
03/01/1991,1.480065,1.921539,2.697918,6.101053,0.514987,0.282566,0.015382,0.004626,0.002161,0.214374,0.519109,7.13916
04/01/1991,1.37316,1.620823,2.607969,5.602625,0.43646,0.281008,0.013871,0.005096,0.002485,0.190452,0.492912,6.536527
05/01/1991,1.497435,1.416318,2.704182,5.618474,0.490175,0.309826,0.014196,0.006206,0.003782,0.206579,0.540589,6.654744
06/01/1991,1.596278,1.277489,2.74008,5.612394,0.568322,0.280947,0.015048,0.006301,0.001621,0.209721,0.513638,6.697964
07/01/1991,1.738203,1.377051,2.837241,5.955334,0.636742,0.26605,0.01507,0.006739,0.001621,0.210055,0.499535,7.098773
08/01/1991,1.737679,1.367091,2.875986,5.978671,0.613027,0.237525,0.014928,0.006565,0.002377,0.250834,0.512229,7.11244
09/01/1991,1.576469,1.311041,2.723596,5.614724,0.543843,0.201861,0.01403,0.005935,0.002161,0.267735,0.491722,6.657675
10/01/1991,1.540673,1.502664,2.841013,5.883668,0.49959,0.193296,0.014793,0.005208,0.00443,0.249408,0.467135,6.858581
11/01/1991,1.588175,1.770822,2.686684,6.046869,0.485359,0.20213,0.015411,0.00423,0.00443,0.241541,0.467743,7.006252
12/01/1991,1.653837,2.091062,2.841649,6.586641,0.561832,0.239639,0.015954,0.003902,0.002053,0.267033,0.528581,7.683274
01/01/1992,1.674804,2.336323,2.820735,6.835561,0.605734,0.23595,0.015635,0.003273,0.001551,0.279197,0.535605,7.983357
02/01/1992,1.496093,2.123792,2.612235,6.234612,0.552907,0.196021,0.013827,0.003545,0.005333,0.230468,0.449194,7.243263
03/01/1992,1.55524,2.025,2.79799,6.381501,0.479942,0.23766,0.015679,0.004873,0.003393,0.221177,0.482783,7.348603
04/01/1992,1.452659,1.783748,2.708347,5.94784,0.442584,0.212719,0.014254,0.005512,0.003297,0.210172,0.445954,6.841697
05/01/1992,1.487696,1.511315,2.757921,5.75883,0.477764,0.242426,0.015069,0.006236,0.00097,0.190537,0.455238,6.698113
06/01/1992,1.560214,1.361629,2.749827,5.675539,0.535959,0.244966,0.014876,0.006278,0.000776,0.230985,0.497881,6.71521
07/01/1992,1.780586,1.427258,2.866714,6.076354,0.586886,0.214207,0.015109,0.006735,0.000776,0.25015,0.486977,7.159827
08/01/1992,1.708952,1.369896,2.834168,5.915606,0.614183,0.198457,0.015214,0.006653,0.001454,0.269662,0.49144,7.02923
09/01/1992,1.604886,1.34719,2.727759,5.682676,0.533178,0.1833,0.01418,0.005975,0.003297,0.251511,0.458262,6.682169
10/01/1992,1.551277,1.453742,2.900902,5.908912,0.510817,0.18027,0.014943,0.0054,0.002521,0.269545,0.472679,6.901627
11/01/1992,1.549587,1.759472,2.730142,6.040422,0.531147,0.212065,0.014869,0.004404,0.002909,0.264383,0.498631,7.078627
12/01/1992,1.700478,2.214271,2.962189,6.881807,0.608106,0.259394,0.015043,0.003996,0.003587,0.263891,0.545912,8.044433
01/01/1993,1.694732,2.365892,2.650362,6.714885,0.620536,0.268521,0.015945,0.00337,0.00255,0.273487,0.563873,7.906823
02/01/1993,1.571442,2.246705,2.577761,6.395945,0.539056,0.216725,0.015426,0.003712,0.00051,0.241356,0.477729,7.41979
03/01/1993,1.642407,2.224915,2.901662,6.771593,0.489546,0.253399,0.016137,0.005218,0.005356,0.263426,0.543535,7.811622
04/01/1993,1.47171,1.749112,2.693385,5.917162,0.453758,0.274886,0.01599,0.005916,0.003826,0.226086,0.526703,6.902827
05/01/1993,1.477777,1.358354,2.739191,5.576916,0.529053,0.316469,0.01437,0.006426,0.003826,0.19501,0.5361,6.645598
06/01/1993,1.65183,1.371653,2.753742,5.780633,0.552722,0.287581,0.014436,0.006333,0.000893,0.196963,0.506206,6.843166
07/01/1993,1.879354,1.453512,2.882407,6.214218,0.593499,0.254885,0.01578,0.006909,0.001403,0.212516,0.491493,7.307746
08/01/1993,1.861654,1.477754,2.886391,6.23037,0.590418,0.216292,0.016007,0.006904,0.000765,0.261507,0.501475,7.333218
09/01/1993,1.613322,1.360318,2.845906,5.817883,0.525081,0.188068,0.015439,0.006238,0.001403,0.251085,0.462234,6.815063
10/01/1993,1.598503,1.568985,2.863767,6.036419,0.466738,0.18759,0.015349,0.005504,0.002933,0.25754,0.468916,6.983063
11/01/1993,1.616403,1.84491,2.832299,6.294266,0.492243,0.195571,0.015174,0.004504,0.004718,0.26383,0.483797,7.280567
12/01/1993,1.756016,2.20689,2.962001,6.929841,0.557848,0.231625,0.015621,0.004156,0.002805,0.265367,0.519574,8.017694
01/01/1994,1.850167,2.615894,2.960062,7.431876,0.594162,0.220026,0.015695,0.003626,0,0.307644,0.546991,8.584501
02/01/1994,1.609522,2.384642,2.737626,6.733204,0.520733,0.21085,0.014267,0.003849,0.001036,0.245198,0.4752,7.742175
03/01/1994,1.625221,2.11993,2.85541,6.605446,0.511829,0.243412,0.014471,0.005508,0.005639,0.261749,0.530779,7.663458
04/01/1994,1.476662,1.709439,2.808397,6.000177,0.451444,0.254767,0.01476,0.006003,0.004258,0.236697,0.516487,6.979177
05/01/1994,1.542882,1.467024,2.8572,5.872698,0.507184,0.26713,0.014543,0.006596,0.003798,0.202317,0.494384,6.886154
06/01/1994,1.756627,1.480278,2.869934,6.111767,0.540902,0.258029,0.013144,0.006718,0.003798,0.21514,0.496828,7.161982
07/01/1994,1.833751,1.488112,2.89421,6.220659,0.61795,0.241004,0.013897,0.006988,0.001956,0.274118,0.537964,7.390641
08/01/1994,1.815447,1.520623,3.00426,6.345064,0.628207,0.209396,0.015199,0.00678,0.001381,0.25182,0.484576,7.47247
09/01/1994,1.613611,1.440152,2.797262,5.857132,0.581426,0.171008,0.014102,0.006325,0.003222,0.235954,0.43061,6.881234
10/01/1994,1.579331,1.54791,2.915802,6.05067,0.529943,0.180671,0.014475,0.005873,0.003683,0.273101,0.477802,7.070613
11/01/1994,1.531004,1.787308,2.753775,6.07539,0.577783,0.197506,0.014295,0.004631,0.005064,0.261089,0.482584,7.148134
12/01/1994,1.675238,2.166757,3.000786,6.846502,0.632314,0.229658,0.014616,0.004229,0.001726,0.262708,0.512936,8.004002
01/01/1995,1.734081,2.483351,2.808457,7.028515,0.665531,0.256445,0.013067,0.003473,0.000059,0.242373,0.515416,8.220878
02/01/1995,1.564076,2.277657,2.71362,6.561758,0.544873,0.258244,0.009702,0.003778,0.000241,0.205693,0.477658,7.595769
03/01/1995,1.56238,2.188573,2.875317,6.633216,0.545102,0.294609,0.01067,0.00526,0.000047,0.240022,0.550608,7.741177
04/01/1995,1.451528,1.86057,2.724874,6.039398,0.518215,0.253408,0.009352,0.006125,0.000071,0.26729,0.536245,7.105605
05/01/1995,1.525782,1.65096,2.85098,6.035281,0.571444,0.286483,0.008606,0.006879,0.004214,0.225827,0.532008,7.150665
06/01/1995,1.666155,1.488465,2.908882,6.06616,0.592394,0.311683,0.009317,0.007073,0.00514,0.227957,0.561169,7.231934
07/01/1995,1.892732,1.62458,2.839761,6.361742,0.651824,0.283275,0.010066,0.007293,0.006392,0.293238,0.600264,7.626029
08/01/1995,1.984136,1.695992,2.989667,6.674332,0.64787,0.251378,0.016447,0.007201,0.005628,0.299676,0.58033,7.917376
09/01/1995,1.663762,1.491992,2.877042,6.040399,0.585133,0.20652,0.01183,0.006445,0.005907,0.268833,0.499535,7.135603
10/01/1995,1.615666,1.561282,2.901343,6.083335,0.570461,0.238738,0.019182,0.005754,0.002646,0.294565,0.560886,7.224257
11/01/1995,1.642728,1.956143,2.846051,6.451528,0.553807,0.263386,0.017276,0.004675,0.001291,0.272494,0.559122,7.572344
12/01/1995,1.785701,2.391574,3.006425,7.187681,0.628781,0.301139,0.016542,0.004276,0.000994,0.263176,0.586126,8.410369
01/01/1996,1.846331,2.657495,2.991233,7.499915,0.661075,0.317658,0.0113,0.003588,0.001523,0.273586,0.607654,8.77663
02/01/1996,1.674298,2.40481,2.851097,6.934096,0.587409,0.328772,0.011418,0.00392,0.001156,0.227637,0.572903,8.104036
03/01/1996,1.676263,2.281463,3.00658,6.969688,0.582642,0.350334,0.010872,0.005741,0.001939,0.259726,0.628612,8.191764
04/01/1996,1.51701,1.897379,2.848845,6.266615,0.528566,0.329254,0.012137,0.006421,0.002527,0.205781,0.55612,7.361874
05/01/1996,1.624761,1.680076,2.966258,6.272672,0.584355,0.343915,0.008603,0.007126,0.00405,0.232082,0.595776,7.463086
06/01/1996,1.754707,1.566541,2.899714,6.221216,0.603899,0.330103,0.012207,0.007241,0.003885,0.254723,0.608158,7.446037
07/01/1996,1.903677,1.569717,3.017311,6.492192,0.640194,0.29856,0.017,0.007346,0.005533,0.281563,0.610002,7.757824
08/01/1996,1.92362,1.602561,3.088065,6.611527,0.645688,0.271592,0.017542,0.006871,0.004291,0.294661,0.594957,7.869465
09/01/1996,1.719606,1.505677,2.821743,6.048659,0.573389,0.228911,0.015298,0.00607,0.003634,0.258648,0.512561,7.14723
10/01/1996,1.722898,1.617748,3.165775,6.507758,0.531582,0.233632,0.016305,0.00573,0.002616,0.308935,0.567218,7.617369
11/01/1996,1.770365,1.969258,2.934448,6.676654,0.54754,0.243572,0.016486,0.004666,0.001021,0.295468,0.561213,7.795702
12/01/1996,1.868379,2.331923,2.999203,7.198654,0.600336,0.313353,0.014191,0.004412,0.001265,0.263996,0.597218,8.404841
01/01/1997,1.931005,2.595436,3.037625,7.567747,0.618248,0.336616,0.012781,0.00353,0.00123,0.274968,0.629125,8.8237
02/01/1997,1.642436,2.323114,2.716514,6.685037,0.531601,0.321859,0.009767,0.004025,0.001112,0.226674,0.563437,7.78703
03/01/1997,1.674451,2.202891,2.938412,6.818842,0.529045,0.357387,0.013424,0.005524,0.001517,0.250862,0.628713,7.985143
04/01/1997,1.595009,1.881259,2.958492,6.438344,0.471001,0.327586,0.014657,0.006215,0.003309,0.251878,0.603645,7.52307
05/01/1997,1.629447,1.683297,3.019662,6.334819,0.493552,0.34912,0.014331,0.006702,0.003579,0.266486,0.640218,7.476443
06/01/1997,1.744437,1.569908,2.98354,6.301964,0.546683,0.351899,0.011918,0.007016,0.005281,0.230961,0.607075,7.465957
07/01/1997,1.988514,1.706443,3.163791,6.864248,0.601853,0.323304,0.015455,0.007267,0.005203,0.259829,0.611058,8.090949
08/01/1997,1.941613,1.671787,3.066138,6.688172,0.641012,0.274788,0.015283,0.007074,0.005416,0.264502,0.567063,7.909852
09/01/1997,1.806164,1.571904,2.961127,6.338503,0.551839,0.23897,0.014604,0.006236,0.002657,0.249998,0.512467,7.412827
10/01/1997,1.812595,1.631616,3.144571,6.594252,0.493021,0.252613,0.014497,0.005702,0.002804,0.306693,0.582309,7.677182
11/01/1997,1.759272,1.970957,2.94465,6.676918,0.537176,0.242156,0.014404,0.004572,0.000742,0.264834,0.526708,7.749811
12/01/1997,1.920468,2.414106,3.13188,7.472125,0.581961,0.26416,0.015576,0.004302,0.00073,0.257536,0.542305,8.606325
01/01/1998,1.891535,2.508274,2.995854,7.403689,0.607312,0.29386,0.015811,0.003466,0.000177,0.277781,0.591094,8.607435
02/01/1998,1.660188,2.197926,2.708612,6.569874,0.535028,0.30587,0.012721,0.003709,0.000083,0.212823,0.535207,7.644977
03/01/1998,1.722384,2.232614,3.054294,7.012227,0.563483,0.323122,0.015674,0.005523,0.000063,0.242115,0.586497,8.168636
04/01/1998,1.602345,1.803886,3.044046,6.454305,0.498354,0.291715,0.010788,0.006093,0.000876,0.239214,0.548687,7.5101
05/01/1998,1.737653,1.634215,3.044732,6.421263,0.540248,0.338499,0.009908,0.006486,0.001461,0.249466,0.60582,7.574499
06/01/1998,1.865706,1.630555,3.080405,6.585208,0.584683,0.329782,0.011755,0.006838,0.004027,0.185191,0.537594,7.714753
07/01/1998,2.042377,1.768645,3.235903,7.053682,0.645187,0.292237,0.014565,0.007289,0.005582,0.246062,0.565735,8.276438
08/01/1998,2.039581,1.782247,3.208853,7.040388,0.633331,0.256055,0.015558,0.007139,0.004299,0.254189,0.53724,8.225681
09/01/1998,1.841326,1.636834,3.034732,6.519245,0.600147,0.212368,0.015259,0.006362,0.004852,0.247917,0.486757,7.615075
10/01/1998,1.75168,1.592778,3.162602,6.514528,0.602492,0.192567,0.016743,0.005699,0.003047,0.268751,0.486807,7.608855
11/01/1998,1.666298,1.807508,2.96771,6.445165,0.601894,0.20415,0.015035,0.004567,0.001847,0.230044,0.455642,7.505878
12/01/1998,1.83467,2.234747,3.183179,7.254417,0.655652,0.256829,0.014633,0.004278,0.004539,0.273938,0.554216,8.468992
01/01/1999,1.899404,2.611701,3.110744,7.627163,0.686455,0.301877,0.015171,0.003383,0.003446,0.271688,0.595566,8.911855
02/01/1999,1.64394,2.192185,2.833787,6.672181,0.600763,0.293419,0.012383,0.003706,0.003159,0.220435,0.533102,7.808513
03/01/1999,1.720541,2.25963,3.20149,7.188621,0.614858,0.328047,0.014471,0.0053,0.004568,0.211349,0.563735,8.369503
04/01/1999,1.637055,1.897575,3.046751,6.590746,0.507129,0.279566,0.012382,0.00597,0.003818,0.247537,0.549273,7.655639
05/01/1999,1.711331,1.619282,3.08547,6.418875,0.585793,0.296517,0.015035,0.006619,0.002818,0.287953,0.608943,7.622282
06/01/1999,1.838709,1.565126,3.165625,6.571305,0.651038,0.312577,0.013986,0.006701,0.002596,0.23739,0.573252,7.804107
07/01/1999,2.079309,1.723955,3.261008,7.067383,0.698212,0.303567,0.014153,0.007006,0.004664,0.264247,0.593637,8.368269
08/01/1999,2.016484,1.762724,3.323084,7.108281,0.712091,0.263077,0.014417,0.006819,0.003909,0.258368,0.54659,8.376902
09/01/1999,1.813848,1.564501,3.099364,6.479405,0.636771,0.21364,0.014426,0.006098,0.003859,0.243235,0.481258,7.611086
10/01/1999,1.743987,1.665213,3.253606,6.666627,0.578335,0.203526,0.014953,0.005701,0.004281,0.22879,0.457251,7.71348
11/01/1999,1.689054,1.771239,3.025099,6.494068,0.632772,0.216417,0.014216,0.004525,0.003622,0.255675,0.494456,7.633343
12/01/1999,1.828883,2.2761,3.327539,7.43838,0.706037,0.255344,0.015328,0.004235,0.005155,0.236623,0.516685,8.670981
01/01/2000,2.021217,2.586507,3.080283,7.692062,0.737981,0.258518,0.014724,0.003259,0.006583,0.222442,0.505525,8.945501
02/01/2000,1.833478,2.390781,2.990777,7.222425,0.669318,0.229354,0.013606,0.003628,0.007201,0.245205,0.498995,8.402201
03/01/2000,1.799109,2.129675,3.136901,7.071465,0.654279,0.272397,0.013848,0.004981,0.003571,0.263681,0.558477,8.293297
04/01/2000,1.629003,1.866071,2.985218,6.486421,0.607585,0.290623,0.014367,0.005558,0.003367,0.253235,0.567151,7.669702
05/01/2000,1.776114,1.772935,3.232871,6.789661,0.667205,0.279719,0.013885,0.006279,0.004163,0.254782,0.558828,8.025769
06/01/2000,1.928198,1.650324,3.200417,6.783197,0.701857,0.256913,0.013563,0.006366,0.00456,0.226346,0.507747,8.002823
07/01/2000,2.008226,1.705206,3.251586,6.970518,0.719306,0.246155,0.013983,0.006901,0.003876,0.254682,0.525596,8.2304
08/01/2000,2.078449,1.850883,3.383328,7.320572,0.701102,0.224228,0.014003,0.006674,0.00384,0.256683,0.505427,8.542555
09/01/2000,1.854721,1.595644,3.17254,6.629874,0.607662,0.181584,0.011971,0.006099,0.003391,0.240508,0.443553,7.692325
10/01/2000,1.839302,1.642844,3.250546,6.738354,0.547207,0.175315,0.012837,0.005395,0.004197,0.271693,0.469436,7.760532
11/01/2000,1.826174,1.968807,3.06024,6.858912,0.58894,0.195459,0.013383,0.004293,0.008396,0.262899,0.48443,7.939985
12/01/2000,1.985538,2.664303,3.408174,8.058291,0.65991,0.200852,0.014194,0.004038,0.003914,0.256071,0.479069,9.198444
01/01/2001,2.002949,2.74295,3.309276,8.058063,0.717508,0.194798,0.014612,0.003104,0.004022,0.230534,0.447071,9.229006
02/01/2001,1.731656,2.366588,2.926383,7.026546,0.639868,0.180547,0.012812,0.003404,0.004456,0.203263,0.404482,8.07248
03/01/2001,1.788025,2.301316,3.270197,7.362239,0.648935,0.211591,0.014206,0.004837,0.005498,0.220006,0.456138,8.473229
04/01/2001,1.620019,1.851132,3.144434,6.620594,0.58484,0.186128,0.013162,0.005372,0.007075,0.2128,0.424538,7.638084
05/01/2001,1.748867,1.558642,3.23105,6.542012,0.642374,0.198142,0.01298,0.006326,0.006562,0.210861,0.434871,7.629039
06/01/2001,1.860899,1.479031,3.140311,6.482683,0.710365,0.214179,0.013088,0.00648,0.006919,0.210598,0.451264,7.652567
07/01/2001,2.049665,1.635115,3.290953,6.97562,0.722301,0.186812,0.014087,0.006764,0.006561,0.224217,0.438441,8.144373
08/01/2001,2.089949,1.709253,3.333078,7.134657,0.714192,0.195436,0.01397,0.006635,0.005964,0.223552,0.445558,8.303252
09/01/2001,1.792281,1.529042,3.019016,6.340761,0.661861,0.157641,0.013617,0.005917,0.005066,0.213593,0.395833,7.400553
10/01/2001,1.726261,1.687909,3.252155,6.670422,0.631394,0.157418,0.013913,0.004998,0.00627,0.229675,0.412275,7.717429
11/01/2001,1.674629,1.740611,3.070881,6.487865,0.651034,0.159262,0.013805,0.004071,0.004861,0.219018,0.401017,7.543838
12/01/2001,1.829069,2.170971,3.095939,7.0983,0.704181,0.199905,0.014208,0.003766,0.006362,0.224239,0.44848,8.259887
01/01/2002,1.848766,2.541086,3.17915,7.568672,0.740608,0.22172,0.015114,0.003059,0.008254,0.226851,0.474999,8.792688
02/01/2002,1.634422,2.290544,2.849592,6.777398,0.643836,0.20541,0.013339,0.003413,0.007263,0.19937,0.428795,7.856614
03/01/2002,1.713009,2.30598,3.212428,7.23929,0.65827,0.213723,0.014682,0.004824,0.008668,0.214601,0.456497,8.359268
04/01/2002,1.616337,1.921276,3.118092,6.654541,0.6102,0.246661,0.013292,0.005285,0.010421,0.212366,0.488025,7.758503
05/01/2002,1.718424,1.64523,3.244952,6.612856,0.658182,0.27124,0.014386,0.005906,0.010963,0.224755,0.527249,7.800424
06/01/2002,1.861288,1.624904,3.169198,6.657799,0.693055,0.287009,0.013659,0.006339,0.011458,0.214539,0.533004,7.890047
07/01/2002,2.053634,1.784155,3.305389,7.152411,0.735334,0.259113,0.014857,0.006505,0.009059,0.236261,0.525794,8.425776
08/01/2002,2.033812,1.761258,3.324274,7.126571,0.739061,0.214487,0.0145,0.006338,0.009936,0.223963,0.469223,8.344959
09/01/2002,1.875494,1.574066,3.092413,6.550505,0.673308,0.173824,0.014109,0.005621,0.007486,0.229971,0.431011,7.660314
10/01/2002,1.817247,1.679165,3.217291,6.720017,0.631668,0.174684,0.014581,0.00495,0.007471,0.243674,0.44536,7.801558
11/01/2002,1.787389,1.953127,3.158677,6.909449,0.642395,0.200714,0.014051,0.004089,0.006673,0.232533,0.458059,8.013087
12/01/2002,1.944168,2.429293,3.245966,7.622747,0.719511,0.220434,0.014594,0.003653,0.007683,0.241737,0.488101,8.832157
01/01/2003,2.018845,2.769865,3.249706,8.039713,0.721318,0.208576,0.015061,0.003006,0.006402,0.234717,0.467763,9.233318
02/01/2003,1.774317,2.564363,3.000071,7.352223,0.635136,0.200271,0.013547,0.003277,0.007547,0.216118,0.44076,8.431296
03/01/2003,1.756996,2.253849,3.236521,7.250885,0.624624,0.245048,0.014607,0.004773,0.010491,0.231195,0.506114,8.382899
04/01/2003,1.616938,1.787626,3.155276,6.563808,0.591715,0.250685,0.014062,0.005313,0.011064,0.228736,0.50986,7.668238
05/01/2003,1.710249,1.55118,3.19335,6.456592,0.648269,0.297627,0.01416,0.005879,0.01019,0.229825,0.557681,7.663905
06/01/2003,1.845179,1.401748,3.17341,6.424067,0.668892,0.289436,0.014633,0.006156,0.010602,0.227395,0.548222,7.642514
07/01/2003,2.046458,1.639346,3.324272,7.014799,0.725921,0.251536,0.01476,0.00613,0.009653,0.241766,0.523846,8.272424
08/01/2003,2.076858,1.691505,3.39274,7.162053,0.719367,0.232592,0.014674,0.006069,0.008256,0.240779,0.50237,8.391317
09/01/2003,1.865606,1.463482,3.166315,6.499037,0.662669,0.187115,0.014437,0.005528,0.009062,0.229274,0.445417,7.605774
10/01/2003,1.802107,1.591264,3.3109,6.708386,0.625489,0.186588,0.014431,0.004882,0.009084,0.237129,0.452114,7.781214
11/01/2003,1.813367,1.796227,3.140625,6.753287,0.621151,0.199617,0.013908,0.003852,0.009735,0.236682,0.463794,7.835603
12/01/2003,1.994007,2.320191,3.363816,7.684241,0.715071,0.243449,0.015164,0.003565,0.011187,0.252855,0.526219,8.926274
01/01/2004,2.025102,2.738805,3.328361,8.096323,0.738367,0.230201,0.015493,0.002977,0.01001,0.256495,0.515175,9.350298
02/01/2004,1.830837,2.570153,3.179591,7.589798,0.668455,0.209471,0.014522,0.003181,0.010232,0.238543,0.475949,8.733804
03/01/2004,1.746479,2.149567,3.357784,7.263378,0.659937,0.229509,0.014954,0.004764,0.012933,0.24863,0.51079,8.430957
04/01/2004,1.616,1.785159,3.267693,6.692449,0.611292,0.209214,0.014075,0.005236,0.012969,0.248412,0.489906,7.793662
05/01/2004,1.779319,1.607812,3.341184,6.765564,0.676959,0.240581,0.014619,0.00597,0.017044,0.244964,0.523178,7.9663
06/01/2004,1.886474,1.520787,3.311893,6.739287,0.706331,0.252927,0.014709,0.006077,0.013994,0.246754,0.534463,7.982271
07/01/2004,2.042463,1.623573,3.446458,7.121877,0.750556,0.233556,0.01532,0.006278,0.011662,0.257191,0.524007,8.406324
08/01/2004,2.015186,1.613918,3.463136,7.099052,0.741102,0.216265,0.015116,0.006129,0.010524,0.254388,0.502422,8.354273
09/01/2004,1.8778,1.51531,3.268051,6.65937,0.687539,0.205581,0.014345,0.005532,0.010914,0.243852,0.480224,7.830376
10/01/2004,1.80633,1.591805,3.413226,6.817708,0.652067,0.18893,0.015308,0.004824,0.010305,0.254761,0.474128,7.947527
11/01/2004,1.819334,1.823223,3.296767,6.945019,0.614635,0.209705,0.014582,0.003835,0.009337,0.248184,0.485644,8.050403
12/01/2004,2.020872,2.382949,3.465109,7.876444,0.715534,0.262527,0.015104,0.003572,0.011739,0.265897,0.558839,9.156174
01/01/2005,2.012518,2.629461,3.363017,8.015701,0.728728,0.242697,0.015391,0.002925,0.011315,0.265619,0.537947,9.287418
02/01/2005,1.77599,2.300506,3.0628,7.152356,0.636042,0.216046,0.013222,0.00319,0.009664,0.247041,0.489163,8.283701
03/01/2005,1.845437,2.261281,3.436279,7.55195,0.642216,0.229338,0.014912,0.004597,0.015605,0.259499,0.52395,8.726267
04/01/2005,1.637086,1.767992,3.20424,6.615682,0.579031,0.230561,0.014648,0.005229,0.016973,0.246323,0.513734,7.714719
05/01/2005,1.748602,1.560987,3.39389,6.708309,0.65716,0.272758,0.015513,0.00594,0.017463,0.256686,0.56836,7.939011
06/01/2005,1.953828,1.571608,3.387677,6.914146,0.690282,0.267803,0.015257,0.00606,0.017967,0.255114,0.562202,8.172057
07/01/2005,2.094019,1.72836,3.439332,7.266962,0.741687,0.259542,0.015596,0.006156,0.014208,0.267028,0.562531,8.580731
08/01/2005,2.116709,1.736863,3.563507,7.413572,0.744938,0.215635,0.015407,0.006135,0.011379,0.26873,0.517287,8.6878
09/01/2005,1.93733,1.456699,3.230581,6.621822,0.696488,0.173619,0.015003,0.005515,0.014682,0.255836,0.464655,7.789263
10/01/2005,1.851885,1.462061,3.347469,6.660177,0.639055,0.180046,0.015341,0.004846,0.01446,0.262388,0.477082,7.782699
11/01/2005,1.802265,1.704151,3.281463,6.78902,0.656557,0.193507,0.014973,0.003794,0.016095,0.258577,0.486946,7.939534
12/01/2005,2.020875,2.385397,3.506313,7.91297,0.748627,0.221389,0.015438,0.003508,0.018276,0.271089,0.5297,9.198377
01/01/2006,1.909554,2.220166,3.338662,7.470393,0.750397,0.272144,0.015313,0.003147,0.023633,0.27522,0.589458,8.815171
02/01/2006,1.780597,2.198556,3.021778,7.004642,0.653394,0.245611,0.013834,0.003448,0.019064,0.245044,0.527,8.190411
03/01/2006,1.81381,2.179727,3.361845,7.361981,0.664927,0.244251,0.015628,0.004815,0.023395,0.263614,0.551703,8.584267
04/01/2006,1.602757,1.723031,3.19465,6.523944,0.600714,0.283244,0.014216,0.005458,0.024517,0.252265,0.5797,7.709145
05/01/2006,1.765643,1.564935,3.343931,6.678094,0.655064,0.305688,0.013984,0.006156,0.024388,0.267851,0.618068,7.956185
06/01/2006,1.903022,1.588425,3.322214,6.819267,0.713665,0.295163,0.014911,0.006195,0.020351,0.27164,0.608261,8.146035
07/01/2006,2.101758,1.802412,3.386528,7.294424,0.753266,0.252333,0.015628,0.00639,0.019392,0.280203,0.573946,8.632105
08/01/2006,2.123005,1.79505,3.511486,7.432139,0.751488,0.215524,0.015902,0.006541,0.016418,0.282741,0.537126,8.731247
09/01/2006,1.843209,1.497401,3.252845,6.606302,0.695413,0.170621,0.015112,0.005751,0.018639,0.273896,0.484019,7.785737
10/01/2006,1.84049,1.684294,3.384152,6.921649,0.60011,0.16917,0.015766,0.005073,0.024223,0.282458,0.496691,8.019657
11/01/2006,1.807172,1.809025,3.2453,6.862516,0.640629,0.201075,0.014993,0.004054,0.025199,0.277249,0.522571,8.028304
12/01/2006,1.956143,2.175717,3.367123,7.501847,0.73556,0.21421,0.015913,0.003728,0.024517,0.289959,0.548326,8.793276
01/01/2007,1.991341,2.535185,3.308294,7.838025,0.776251,0.257426,0.016297,0.003354,0.024239,0.295687,0.597002,9.217768
02/01/2007,1.834678,2.629609,3.100993,7.566001,0.684143,0.183513,0.014248,0.003669,0.024906,0.26465,0.490985,8.75081
03/01/2007,1.795345,2.179702,3.323562,7.29742,0.674497,0.238832,0.015392,0.005273,0.030117,0.287435,0.577049,8.555117
04/01/2007,1.664669,1.853482,3.219895,6.739492,0.601035,0.236135,0.014824,0.005821,0.031349,0.277639,0.565767,7.915944
05/01/2007,1.774994,1.598472,3.349831,6.726061,0.682043,0.257448,0.014904,0.006664,0.029181,0.285363,0.593561,8.013552
06/01/2007,1.947326,1.592406,3.253306,6.798607,0.722934,0.225519,0.015616,0.006719,0.0259,0.284184,0.557939,8.090346
07/01/2007,2.082997,1.700412,3.364006,7.145962,0.762954,0.22217,0.015849,0.007026,0.021333,0.295092,0.56147,8.48325
08/01/2007,2.133506,1.942316,3.416924,7.49518,0.763084,0.197092,0.015891,0.006856,0.026681,0.295746,0.542266,8.81244
09/01/2007,1.907819,1.628035,3.198503,6.737768,0.708832,0.145715,0.015414,0.00625,0.028335,0.28664,0.482354,7.933669
10/01/2007,1.831655,1.66616,3.30936,6.807023,0.647062,0.146248,0.015989,0.005568,0.033374,0.302388,0.503567,7.964517
11/01/2007,1.801219,1.877753,3.199561,6.883434,0.680729,0.155001,0.015347,0.004409,0.030591,0.296006,0.501355,8.074162
12/01/2007,1.983916,2.459226,3.323381,7.770058,0.755027,0.181289,0.016003,0.00401,0.034497,0.313995,0.549794,9.081788
01/01/2008,2.025644,2.802167,3.234632,8.066247,0.739318,0.204758,0.015825,0.003719,0.042108,0.327188,0.593597,9.410257
02/01/2008,1.866872,2.565362,2.982842,7.416912,0.680743,0.185146,0.014369,0.004189,0.037955,0.299991,0.54165,8.649724
03/01/2008,1.801188,2.333853,3.161089,7.303725,0.676417,0.213526,0.016239,0.006021,0.047122,0.313922,0.596829,8.584292
04/01/2008,1.667478,1.867975,3.074086,6.617114,0.599242,0.219093,0.01579,0.006753,0.05149,0.31325,0.606376,7.832058
05/01/2008,1.754297,1.614659,3.167792,6.539491,0.67756,0.268237,0.016318,0.007404,0.052623,0.320296,0.664879,7.889818
06/01/2008,1.918698,1.643025,3.047686,6.618345,0.734978,0.287514,0.016206,0.007752,0.050653,0.311788,0.673913,8.036609
07/01/2008,2.092275,1.750827,3.125737,6.974474,0.776775,0.25182,0.016514,0.007904,0.039499,0.33018,0.645917,8.411883
08/01/2008,2.045647,1.723791,3.070336,6.840556,0.758994,0.209193,0.016454,0.007779,0.032167,0.33184,0.597434,8.211797
09/01/2008,1.836245,1.494838,2.771451,6.104693,0.700847,0.15942,0.015944,0.007061,0.03066,0.319736,0.53282,7.348798
10/01/2008,1.736712,1.673995,3.152204,6.563795,0.656598,0.152441,0.016495,0.006197,0.04687,0.331946,0.553949,7.779822
11/01/2008,1.741143,1.913676,2.932666,6.588885,0.662742,0.154392,0.01594,0.004881,0.049207,0.324878,0.549298,7.805094
12/01/2008,1.901237,2.458786,3.048861,7.40631,0.762278,0.205569,0.016339,0.004547,0.065193,0.326377,0.618025,8.793558
01/01/2009,1.903992,2.79216,3.027863,7.722378,0.775038,0.229265,0.01714,0.003834,0.05808,0.313715,0.622034,9.126331
02/01/2009,1.581659,2.384794,2.684451,6.649806,0.671752,0.173845,0.015517,0.004354,0.057117,0.286141,0.536975,7.866567
03/01/2009,1.536126,2.218983,2.961044,6.714718,0.703269,0.213036,0.017252,0.006353,0.069287,0.317339,0.623267,8.045493
04/01/2009,1.421731,1.779264,2.853152,6.051653,0.621353,0.251513,0.016341,0.007132,0.072787,0.307442,0.655216,7.334381
05/01/2009,1.485788,1.536921,2.86846,5.889515,0.683971,0.288502,0.016616,0.00788,0.061117,0.323274,0.697389,7.280212
06/01/2009,1.654827,1.561083,2.888495,6.102856,0.729356,0.285318,0.016212,0.007873,0.05465,0.323707,0.687759,7.530563
07/01/2009,1.759589,1.694878,2.93252,6.385124,0.762973,0.228235,0.016814,0.008388,0.04836,0.343778,0.645574,7.80759
08/01/2009,1.810859,1.775076,2.983297,6.565902,0.755606,0.191105,0.016773,0.008265,0.053333,0.348901,0.618377,7.955155
09/01/2009,1.554736,1.608916,2.834324,5.996211,0.687698,0.169421,0.016289,0.00743,0.045391,0.330682,0.569214,7.263665
10/01/2009,1.579969,1.702122,2.937771,6.216283,0.606841,0.192185,0.016479,0.006592,0.066501,0.347009,0.628765,7.46333
11/01/2009,1.549706,1.814114,2.8111,6.173966,0.617805,0.205035,0.016841,0.005256,0.067102,0.343246,0.63748,7.437943
12/01/2009,1.852224,2.547629,2.996666,7.394065,0.739558,0.241363,0.017912,0.004822,0.067403,0.354782,0.686281,8.830987
01/01/2010,1.917331,2.86903,2.891896,7.674044,0.758495,0.218369,0.017852,0.004401,0.066871,0.367299,0.674792,9.121456
02/01/2010,1.708841,2.533045,2.645856,6.891691,0.681945,0.200874,0.015872,0.00496,0.052993,0.342138,0.616837,8.202035
03/01/2010,1.638165,2.186711,2.98945,6.816574,0.675562,0.203761,0.017801,0.007135,0.083795,0.374903,0.687394,8.189933
04/01/2010,1.446342,1.725374,2.90352,6.075796,0.602151,0.186307,0.01699,0.008142,0.095262,0.365593,0.672294,7.359139
05/01/2010,1.620805,1.648905,2.961425,6.233145,0.696713,0.244673,0.017839,0.009273,0.084853,0.374424,0.731062,7.665434
06/01/2010,1.847581,1.682136,2.972709,6.503509,0.713885,0.291254,0.017219,0.009566,0.078526,0.374508,0.771073,7.996983
07/01/2010,1.998568,1.862228,3.028095,6.889017,0.75164,0.239186,0.017479,0.009814,0.065598,0.385903,0.717979,8.368233
08/01/2010,1.99481,1.916484,3.088349,7.001077,0.748093,0.196283,0.017706,0.00968,0.065227,0.387534,0.67643,8.431805
09/01/2010,1.696615,1.669663,2.951217,6.316941,0.725068,0.168439,0.01711,0.008779,0.069321,0.374119,0.637769,7.681554
10/01/2010,1.52186,1.69746,2.961195,6.178512,0.655872,0.172515,0.016975,0.007514,0.0775,0.383999,0.658503,7.494362
11/01/2010,1.563713,2.013095,2.867773,6.438836,0.654872,0.190842,0.017108,0.006309,0.095098,0.380123,0.68948,7.785895
12/01/2010,1.879339,2.770623,3.062639,7.707534,0.770138,0.226037,0.018027,0.005711,0.088383,0.395347,0.733505,9.220031
01/01/2011,1.88754,2.947202,2.940408,7.77527,0.761181,0.24806,0.01848,0.00552,0.083077,0.384302,0.73944,9.285061
02/01/2011,1.559705,2.50194,2.636944,6.699015,0.677953,0.234459,0.016676,0.006363,0.101547,0.352253,0.711299,8.095841
03/01/2011,1.543832,2.27445,2.9953,6.815706,0.687083,0.302503,0.018388,0.008813,0.102452,0.383928,0.816084,8.327342
04/01/2011,1.420945,1.860165,2.811211,6.092599,0.570783,0.303084,0.017258,0.009997,0.120689,0.364039,0.815067,7.485943
05/01/2011,1.550327,1.698892,2.867272,6.118317,0.596583,0.316615,0.018194,0.01113,0.114378,0.378142,0.838459,7.565717
06/01/2011,1.757176,1.688805,2.902154,6.349559,0.682987,0.312381,0.01702,0.011526,0.106731,0.388506,0.836164,7.879514
07/01/2011,1.952516,1.926916,2.922419,6.80188,0.757017,0.303962,0.017723,0.011684,0.07276,0.388999,0.795127,8.370293
08/01/2011,1.916144,1.92815,3.029034,6.877458,0.746487,0.250319,0.017777,0.011952,0.072613,0.401349,0.75401,8.393564
09/01/2011,1.613884,1.686983,2.853509,6.154918,0.699506,0.207705,0.017127,0.010674,0.066739,0.379682,0.681927,7.546655
10/01/2011,1.475112,1.777421,2.929233,6.181417,0.662758,0.192254,0.017836,0.009628,0.102265,0.388427,0.71041,7.564093
11/01/2011,1.425056,2.07127,2.858466,6.353076,0.674655,0.200932,0.01757,0.007674,0.120853,0.389396,0.736426,7.772146
12/01/2011,1.555548,2.592346,2.880896,7.031059,0.751706,0.23058,0.018261,0.007467,0.103532,0.409906,0.769745,8.564063
01/01/2012,1.491043,2.816977,2.835062,7.145232,0.758482,0.219888,0.0174,0.007288,0.129726,0.377697,0.751999,8.666684
02/01/2012,1.338104,2.555762,2.698502,6.592463,0.669053,0.193017,0.016387,0.008165,0.105171,0.360947,0.683687,7.954653
03/01/2012,1.232736,2.173561,2.809299,6.218138,0.646854,0.246546,0.017608,0.011678,0.133476,0.380343,0.78965,7.664904
04/01/2012,1.112027,1.994864,2.729267,5.842084,0.585471,0.250215,0.017084,0.013478,0.120941,0.364563,0.766281,7.206596
05/01/2012,1.329279,1.913537,2.8811,6.124572,0.650551,0.272562,0.017787,0.015933,0.119336,0.383861,0.809479,7.599349
06/01/2012,1.497893,1.90813,2.839131,6.245001,0.682603,0.253685,0.017361,0.016651,0.113928,0.37721,0.778836,7.720632
07/01/2012,1.789989,2.114077,2.883385,6.787268,0.724406,0.252091,0.017946,0.017063,0.083946,0.379959,0.751004,8.282013
08/01/2012,1.718283,2.051682,2.976794,6.746614,0.729361,0.219192,0.017786,0.016478,0.08059,0.390967,0.725012,8.219743
09/01/2012,1.455586,1.845379,2.721044,6.020729,0.67601,0.167517,0.017576,0.015384,0.083642,0.36516,0.649279,7.359672
10/01/2012,1.402746,1.941321,2.896235,6.237161,0.626049,0.15702,0.018027,0.014153,0.120241,0.378637,0.688077,7.56378
11/01/2012,1.472029,2.214645,2.778631,6.462663,0.594293,0.178257,0.018023,0.011547,0.110848,0.368372,0.687048,7.757292
12/01/2012,1.53852,2.55865,2.790693,6.88802,0.718688,0.218713,0.018608,0.011142,0.138215,0.380071,0.766749,8.384808
01/01/2013,1.572497,2.95182,2.892544,7.416291,0.746119,0.236889,0.018578,0.010449,0.14062,0.390264,0.796799,8.973957
02/01/2013,1.41441,2.632217,2.589008,6.636264,0.64244,0.194813,0.016666,0.012205,0.134295,0.355807,0.713786,8.006979
03/01/2013,1.481315,2.584486,2.853333,6.916331,0.657737,0.195918,0.018543,0.017039,0.150325,0.399439,0.781264,8.371117
04/01/2013,1.28707,2.015981,2.772921,6.074515,0.593157,0.239451,0.017376,0.018627,0.166741,0.388128,0.830323,7.511561
05/01/2013,1.363673,1.795051,2.90555,6.064549,0.6567,0.271442,0.01787,0.020722,0.154933,0.405256,0.870224,7.608582
06/01/2013,1.564343,1.785401,2.814778,6.161469,0.694124,0.261271,0.017415,0.02197,0.131171,0.406055,0.837883,7.712287
07/01/2013,1.722982,1.973521,2.985798,6.680332,0.737064,0.260036,0.018148,0.022251,0.105844,0.418187,0.824467,8.261898
08/01/2013,1.700671,1.974609,2.965979,6.639499,0.745477,0.206403,0.018011,0.023202,0.091917,0.416642,0.756174,8.162109
09/01/2013,1.520094,1.810038,2.878937,6.208289,0.687533,0.161826,0.017616,0.021998,0.111382,0.400912,0.713734,7.626387
10/01/2013,1.401506,1.912351,2.96313,6.27596,0.660205,0.164092,0.018402,0.021221,0.130092,0.420217,0.754023,7.705025
11/01/2013,1.393993,2.374758,2.890622,6.656563,0.678929,0.168655,0.016959,0.017543,0.150779,0.413284,0.76722,8.118624
12/01/2013,1.616079,2.994905,2.885821,7.494707,0.744947,0.201585,0.018423,0.017297,0.13326,0.434157,0.804721,9.058767
01/01/2014,1.74661,3.301739,2.93349,7.981003,0.765208,0.205737,0.018279,0.016541,0.170336,0.413362,0.824256,9.584744
02/01/2014,1.599885,2.824408,2.623945,7.046667,0.655141,0.165437,0.016342,0.017938,0.133222,0.378288,0.711228,8.423765
03/01/2014,1.52349,2.634668,2.833281,6.990834,0.652611,0.230685,0.018114,0.026186,0.168668,0.417224,0.860878,8.516765
04/01/2014,1.239603,2.019421,2.820165,6.078019,0.589726,0.241934,0.017711,0.029029,0.177224,0.404815,0.870712,7.55024
05/01/2014,1.356781,1.862981,2.878335,6.096234,0.658367,0.252432,0.018064,0.033086,0.148369,0.415851,0.867802,7.637974
06/01/2014,1.558821,1.796176,2.823149,6.177361,0.712658,0.244824,0.017519,0.034866,0.150247,0.418307,0.865763,7.770959
07/01/2014,1.70228,1.935907,2.983933,6.620132,0.752422,0.231639,0.017942,0.034299,0.115902,0.431752,0.831534,8.222063
08/01/2014,1.69355,1.989587,2.983525,6.663672,0.743936,0.188367,0.018034,0.03503,0.096722,0.43249,0.770643,8.198091
09/01/2014,1.456971,1.86203,2.878052,6.194493,0.706343,0.152867,0.017654,0.033184,0.109553,0.408409,0.721666,7.640478
10/01/2014,1.304013,1.968636,3.04171,6.312444,0.652547,0.163184,0.018185,0.03086,0.13797,0.423076,0.773275,7.753352
11/01/2014,1.375805,2.427781,2.875338,6.676767,0.681301,0.177123,0.018176,0.025045,0.179424,0.415078,0.814847,8.188978
12/01/2014,1.439824,2.759504,2.982355,7.178562,0.767299,0.212347,0.018469,0.021349,0.139904,0.435569,0.827639,8.78814
01/01/2015,1.498062,3.225121,2.960045,7.681168,0.776715,0.224946,0.018085,0.021042,0.141296,0.409957,0.815326,9.291025
02/01/2015,1.408891,3.02876,2.72193,7.158336,0.66368,0.207684,0.016614,0.025055,0.139054,0.379439,0.767846,8.604256
03/01/2015,1.238275,2.682045,2.9783,6.897968,0.67503,0.226274,0.018384,0.034916,0.142655,0.411898,0.834126,8.426533
04/01/2015,1.036587,2.077147,2.87125,5.983047,0.625226,0.209407,0.017077,0.039565,0.166504,0.400515,0.833068,7.461618
05/01/2015,1.206388,1.92174,2.97462,6.100247,0.688414,0.187549,0.018348,0.042524,0.159833,0.421476,0.82973,7.638888
06/01/2015,1.438646,1.965222,2.960175,6.361218,0.716542,0.190239,0.017349,0.043217,0.125073,0.419636,0.795514,7.894009
07/01/2015,1.586788,2.139057,3.111535,6.836607,0.746829,0.195832,0.018036,0.044948,0.127442,0.433877,0.820134,8.424892
08/01/2015,1.530787,2.12351,3.078226,6.73131,0.75732,0.178199,0.017919,0.045255,0.121893,0.433808,0.797073,8.307919
09/01/2015,1.351456,1.966653,2.896426,6.214571,0.69521,0.149981,0.016429,0.038966,0.130201,0.414803,0.750379,7.680299
10/01/2015,1.137837,2.055676,2.995468,6.187324,0.633451,0.154979,0.017722,0.034283,0.152646,0.41647,0.7761,7.612446
11/01/2015,1.045014,2.32738,2.830238,6.200223,0.63024,0.180209,0.017647,0.029638,0.183414,0.413003,0.823911,7.672074
12/01/2015,1.070137,2.678785,2.992517,6.740898,0.728229,0.21588,0.018225,0.027212,0.187297,0.428505,0.877118,8.363649
01/01/2016,1.29718,3.200999,2.918003,7.415235,0.758537,0.236473,0.017675,0.026066,0.170482,0.407709,0.858406,9.053108
02/01/2016,1.074345,2.745566,2.844691,6.664336,0.686509,0.222851,0.01651,0.035123,0.185916,0.394367,0.854768,8.222266
03/01/2016,0.867377,2.438381,3.028654,6.333935,0.691851,0.252863,0.01752,0.043391,0.202545,0.415762,0.93208,7.975398
04/01/2016,0.844204,2.156019,2.886265,5.885351,0.656112,0.238906,0.016366,0.048053,0.192019,0.391135,0.886479,7.442451
05/01/2016,0.960164,2.033497,2.966143,5.95903,0.696324,0.23529,0.017766,0.055309,0.174004,0.416546,0.898915,7.57198
06/01/2016,1.314479,2.069855,2.965005,6.349396,0.702587,0.214523,0.016758,0.05637,0.150513,0.41462,0.852783,7.925709
07/01/2016,1.528865,2.262495,3.037133,6.827179,0.735784,0.198076,0.017484,0.061635,0.162653,0.43188,0.871727,8.458912
08/01/2016,1.521198,2.285098,3.130158,6.933894,0.748095,0.180666,0.017604,0.061121,0.125457,0.437809,0.822656,8.527717
09/01/2016,1.296259,2.015024,2.939713,6.249451,0.684522,0.151106,0.017453,0.055436,0.151438,0.411122,0.786556,7.736602
10/01/2016,1.147161,1.991499,3.021064,6.156651,0.63521,0.160072,0.017871,0.049027,0.187736,0.4161,0.830807,7.640814
11/01/2016,1.022244,2.234524,2.916267,6.168215,0.681705,0.173638,0.017796,0.041391,0.179153,0.420774,0.832751,7.703156
12/01/2016,1.352427,2.967399,3.052251,7.369797,0.749517,0.207976,0.018801,0.037087,0.213679,0.456707,0.934251,9.070193
01/01/2017,1.312712,3.013622,2.959575,7.282688,0.764768,0.246796,0.018131,0.033557,0.182789,0.421822,0.903095,8.972848
02/01/2017,1.011109,2.419844,2.651313,6.081064,0.664778,0.217825,0.016285,0.040038,0.195296,0.382403,0.851847,7.61469
03/01/2017,1.029337,2.60891,3.077165,6.713877,0.68081,0.269679,0.018149,0.062625,0.23026,0.428247,1.00896,8.420792
04/01/2017,0.937459,1.996586,2.910242,5.842939,0.593479,0.27077,0.017535,0.069427,0.226762,0.407719,0.992213,7.443833
05/01/2017,1.065558,1.954958,3.082075,6.101385,0.64127,0.298355,0.017218,0.081055,0.206832,0.429961,1.033421,7.790586
06/01/2017,1.217991,1.974203,3.05594,6.245624,0.700866,0.278434,0.016403,0.086535,0.182501,0.427077,0.99095,7.955119
07/01/2017,1.432549,2.213449,3.088997,6.733785,0.745875,0.244064,0.01788,0.083455,0.147044,0.433591,0.926034,8.423454
08/01/2017,1.355633,2.163913,3.127252,6.643329,0.757067,0.201312,0.017785,0.079621,0.125491,0.444451,0.868659,8.288627
09/01/2017,1.139638,1.984424,2.930308,6.052267,0.712236,0.175664,0.017168,0.073652,0.1645,0.410831,0.841814,7.621795
10/01/2017,1.050775,2.099184,3.069397,6.215106,0.690239,0.168449,0.016716,0.068139,0.233141,0.426489,0.912934,7.829343
11/01/2017,1.068561,2.436589,3.00716,6.509279,0.696756,0.189462,0.017097,0.050016,0.221863,0.425788,0.904227,8.120863
12/01/2017,1.216143,3.189405,3.091848,7.493945,0.770824,0.206158,0.019866,0.048769,0.226411,0.438084,0.939289,9.217894
01/01/2018,1.333713,3.449318,3.123631,7.902846,0.780456,0.228534,0.017623,0.04861,0.233396,0.434949,0.963112,9.660353
02/01/2018,0.963373,2.798063,2.709388,6.469498,0.67738,0.227059,0.016488,0.055542,0.211429,0.389576,0.900094,8.058982
03/01/2018,0.941121,2.887197,3.16215,6.988165,0.700826,0.235797,0.017855,0.073682,0.241279,0.435592,1.004205,8.708219
04/01/2018,0.862523,2.425054,2.961339,6.246507,0.618237,0.256354,0.016051,0.086276,0.24098,0.410971,1.010632,7.885295
05/01/2018,0.993201,2.118751,3.103652,6.213992,0.703833,0.277591,0.018,0.096583,0.218392,0.438646,1.049213,7.981019
06/01/2018,1.160213,2.126993,3.091578,6.377393,0.728583,0.251634,0.017071,0.102289,0.225227,0.427779,1.024,8.144575
07/01/2018,1.311162,2.422953,3.165898,6.897771,0.757528,0.228858,0.017881,0.097262,0.149949,0.443861,0.937811,8.608243
08/01/2018,1.309108,2.384627,3.277189,6.969508,0.755713,0.20075,0.017858,0.095253,0.180948,0.44997,0.94478,8.687066
09/01/2018,1.119998,2.222859,2.975088,6.316728,0.676697,0.174752,0.017327,0.084683,0.168851,0.40853,0.854143,7.858451
10/01/2018,1.017036,2.354815,3.181012,6.55105,0.620995,0.17824,0.017001,0.072448,0.193234,0.431439,0.892362,8.074078
11/01/2018,1.081745,2.801195,3.054285,6.933894,0.668643,0.1998,0.017354,0.055746,0.200726,0.424073,0.8977,8.508863
12/01/2018,1.158339,3.094383,3.076665,7.326616,0.749177,0.207865,0.018579,0.048472,0.221611,0.434802,0.931328,9.017952
01/01/2019,1.159687,3.517031,3.105288,7.779213,0.770542,0.220797,0.018344,0.054195,0.2292,0.419519,0.942055,9.50321
02/01/2019,0.947908,3.100709,2.745222,6.793029,0.676594,0.199041,0.016784,0.057491,0.209664,0.388394,0.871374,8.35169
03/01/2019,0.932416,2.997667,3.064697,6.993816,0.680408,0.232964,0.018481,0.085705,0.237995,0.419015,0.994159,8.676575
04/01/2019,0.719761,2.274859,2.96506,5.958614,0.633374,0.232386,0.016501,0.097849,0.270861,0.405713,1.023309,7.62344
05/01/2019,0.850041,2.193648,3.096702,6.138788,0.701777,0.274114,0.017666,0.104477,0.236805,0.42716,1.060221,7.911164
06/01/2019,0.93146,2.185654,3.058343,6.173602,0.719355,0.241358,0.017632,0.112486,0.209184,0.416245,0.996905,7.902249
07/01/2019,1.155592,2.489028,3.179539,6.822421,0.754836,0.216397,0.018257,0.115613,0.200782,0.424451,0.9755,8.565331
08/01/2019,1.087598,2.519808,3.24132,6.847641,0.751826,0.189582,0.018231,0.111312,0.181145,0.432639,0.932908,8.546296
09/01/2019,0.995915,2.291748,2.991692,6.276925,0.688903,0.149279,0.017829,0.096647,0.221556,0.398617,0.883927,7.861755
10/01/2019,0.813314,2.405982,3.175188,6.392395,0.648551,0.14865,0.017029,0.086974,0.256614,0.414603,0.923871,7.977037
11/01/2019,0.899238,2.790282,3.030922,6.718634,0.670431,0.187383,0.015355,0.06446,0.233932,0.411039,0.91217,8.310673
