U.S. Energy Information Administration,,,,,,,,,,,,,,
February 2020 Monthly Energy Review,,,,,,,,,,,,,,
,,,,,,,,,,,,,,
0,,,,,,,,,,,,,,
,,,,,,,,,,,,,,
"Release Date: February 25, 2020",,,,,,,,,,,,,,
"Next Update: March 26, 2020",,,,,,,,,,,,,,
,,,,,,,,,,,,,,
Table 11.1 Carbon Dioxide Emissions From Energy Consumption by Source,,,,,,,,,,,,,,
,,,,,,,,,,,,,,
Month,"Coal, Including Coal Coke Net Imports, CO2 Emissions","Natural Gas, Excluding Supplemental Gaseous Fuels, CO2 Emissions",Aviation Gasoline CO2 Emissions,"Distillate Fuel Oil, Excluding Biodiesel, CO2 Emissions",Hydrocarbon Gas Liquids CO2 Emissions,Jet Fuel CO2 Emissions,Kerosene CO2 Emissions,Lubricants CO2 Emissions,"Motor Gasoline, Excluding Ethanol, CO2 Emissions",Petroleum Coke CO2 Emissions,Residual Fuel Oil CO2 Emissions,Other Petroleum Products CO2 Emissions,"Petroleum, Excluding Biofuels, CO2 Emissions",Total Energy CO2 Emissions
,(Million Metric Tons of Carbon Dioxide),(Million Metric Tons of Carbon Dioxide),(Million Metric Tons of Carbon Dioxide),(Million Metric Tons of Carbon Dioxide),(Million Metric Tons of Carbon Dioxide),(Million Metric Tons of Carbon Dioxide),(Million Metric Tons of Carbon Dioxide),(Million Metric Tons of Carbon Dioxide),(Million Metric Tons of Carbon Dioxide),(Million Metric Tons of Carbon Dioxide),(Million Metric Tons of Carbon Dioxide),(Million Metric Tons of Carbon Dioxide),(Million Metric Tons of Carbon Dioxide),(Million Metric Tons of Carbon Dioxide)
01/01/1973,108.256,125.686,0.428,54.556,10.493,13.778,5.16,1.039,70.901,4.743,50.756,8.504,220.358,454.3
02/01/1973,97.667,113.867,0.432,51.207,8.874,12.225,4.421,1.027,67.377,3.904,46.89,7.46,203.817,415.351
03/01/1973,97.333,107.811,0.459,43.975,6.706,12.325,2.551,1.107,75.482,4.26,47.336,8.414,202.615,407.758
04/01/1973,93.052,97.938,0.446,33.602,5.809,12.144,2.006,0.981,73.367,4.087,36.792,7.991,177.227,368.216
05/01/1973,94.311,92.134,0.549,35.203,5.504,13.792,1.682,1.159,80.052,4.543,38.708,8.445,189.636,376.081
06/01/1973,97.724,81.74,0.471,30.835,4.515,12.07,1.447,1.008,78.103,4.765,38.734,8.591,180.539,360.003
07/01/1973,103.131,82.952,0.42,30.666,4.428,12.975,1.887,1.222,81.395,4.697,37.028,8.82,183.538,369.621
08/01/1973,105.357,84.184,0.668,33.657,5.246,12.99,1.864,1.189,84.101,4.9,42.304,8.907,195.826,385.367
09/01/1973,98.261,81.199,0.462,34.09,5.345,12.841,2.269,1.042,73.806,4.245,39.758,8.064,181.922,361.381
10/01/1973,101.028,90.755,0.55,38.607,6.663,13.667,2.281,1.283,77.383,5.027,39.764,8.351,193.575,385.358
11/01/1973,101.436,101.419,0.475,44.719,8.007,12.302,3.759,1.137,76.524,4.306,46.911,7.681,205.822,408.678
12/01/1973,108.718,116.361,0.413,48.633,8.171,13.457,3.028,1.124,72.282,4.443,45.196,8.023,204.771,429.85
01/01/1974,107.129,119.864,0.442,50.546,8.925,11.101,3.959,1.177,67.27,4.418,46.602,7.9,202.34,429.333
02/01/1974,96.895,110.222,0.304,45.817,7.264,9.633,3.225,0.981,63.853,3.952,41.477,7.194,183.7,390.817
03/01/1974,98.365,107.405,0.578,41.701,6.577,11.839,2.262,1.106,71.414,4.628,39.236,7.472,186.813,392.583
04/01/1974,93.412,90.688,0.446,36.373,5.712,11.264,1.599,1.057,72.419,3.985,36.205,7.898,176.957,361.058
05/01/1974,96.59,85.968,0.463,32.279,5.118,13.013,0.906,1.173,78.176,3.735,34.694,8.025,177.583,360.141
06/01/1974,94.949,76.899,0.528,30.305,4.816,11.382,1.411,0.921,77.604,4.031,35.729,8.342,175.069,346.917
07/01/1974,103.635,80.822,0.48,30.415,4.854,12.739,1.584,1.125,80.653,3.988,37.968,9.273,183.078,367.535
08/01/1974,103.888,80.527,0.641,30.415,5.085,12.758,1.788,1.016,81.839,4.074,38.83,9.15,185.595,370.01
09/01/1974,94.494,81.854,0.468,30.424,5.746,13.281,1.696,1.096,71.641,4.395,36.772,8.153,173.671,350.019
10/01/1974,99.061,90.929,0.557,38.042,6.778,12.517,2.445,1.128,77.791,3.758,40.088,8.607,191.711,381.702
11/01/1974,95.464,97.514,0.409,40.254,7.366,12.356,2.405,0.98,73.424,4.049,43.611,8.179,193.032,386.01
12/01/1974,101.357,112.678,0.348,50.782,8.537,12.924,3.104,0.994,76.003,4.359,45.804,8.205,211.06,425.096
01/01/1975,106.353,120.172,0.342,52.21,8.71,12.933,2.794,1.02,71.923,4.325,49.942,8.091,212.289,438.815
02/01/1975,97.813,103.91,0.365,45.266,6.953,12.038,2.902,0.717,63.814,3.936,39.502,6.795,182.289,384.012
03/01/1975,100.493,101.915,0.362,43.364,6.959,12.168,2.125,0.731,73.312,3.902,40.968,7.383,191.274,393.682
04/01/1975,93.139,84.549,0.411,39.438,5.715,12.076,1.797,0.97,75.348,4.077,33.169,7.063,180.063,357.751
05/01/1975,91.555,71.211,0.39,31.388,4.166,12.103,1.237,0.947,79.635,3.802,32.037,7.632,173.337,336.103
06/01/1975,95.011,67.086,0.424,28.915,3.845,11.873,1.624,1.007,79.364,3.938,32.345,7.704,171.038,333.135
07/01/1975,100.319,70.047,0.504,27.791,4.783,11.824,1.239,0.955,81.597,4.756,34.081,8.729,176.259,346.624
08/01/1975,103.353,72.931,0.472,28.636,5.096,12.97,1.36,1.037,81.223,4.416,33.115,8.362,176.687,352.972
09/01/1975,92.997,72.914,0.477,27.6,5.335,12.456,1.537,1,75.467,4.26,34.59,8.002,170.723,336.634
10/01/1975,94.857,82.117,0.471,35.269,6.133,12.342,1.856,1.093,78.55,4.817,34.825,8.013,183.369,360.343
11/01/1975,97.182,87.318,0.374,32.447,6.445,11.961,1.805,0.834,71.664,4.259,35.737,7.876,173.403,357.903
12/01/1975,107.66,109.425,0.322,49.974,8.9,11.256,3.499,0.979,78.902,4.438,44.702,8.413,211.384,428.469
01/01/1976,111.59,122.544,0.301,56.625,9.783,11.781,3.788,0.855,74.153,4.663,47.869,8.408,218.226,452.36
02/01/1976,98.91,103.795,0.292,45.58,6.779,11.197,2.59,0.916,67.908,3.98,44.188,8.192,191.621,394.326
03/01/1976,102.754,92.059,0.367,43.997,5.968,11.964,2.017,1.195,79.858,4.417,42.668,8.465,200.916,395.728
04/01/1976,98.184,80.565,0.388,35.537,5.007,12.11,1.709,1.066,80.298,4.146,37.077,8.164,185.501,364.25
05/01/1976,98.784,76.452,0.38,33.19,4.574,11.887,0.992,1.018,79.423,4.29,37.45,8.443,181.647,356.882
06/01/1976,102.273,71.123,0.524,31.07,4.245,11.657,1.483,1.125,83.915,4.034,37.276,8.798,184.126,357.523
07/01/1976,108.981,72.989,0.425,29.71,4.403,13.626,1.265,1.157,84.78,3.691,39.122,9.137,187.316,369.286
08/01/1976,109.895,70.044,0.514,29.478,4.828,11.97,1.198,1.014,83.076,5.083,41.116,8.667,186.943,366.882
09/01/1976,100.919,69.211,0.402,33.392,4.863,12.548,1.839,1.1,79.39,4.329,37.535,8.249,183.647,353.777
10/01/1976,104.985,86.037,0.396,39.921,6.848,11.297,1.978,1.033,80.304,4.025,39.104,8.144,193.051,384.073
11/01/1976,109.622,99.862,0.358,47.365,8.217,11.727,2.654,1.019,78.939,3.592,48.332,8.36,210.563,420.048
12/01/1976,118.75,119.19,0.32,61.497,9.733,12.729,3.873,1.044,82.724,4.135,55.953,9.049,241.057,478.997
01/01/1977,117.713,128.857,0.276,67.256,10.287,13.087,4.54,0.999,75.009,4.622,57.749,8.886,242.712,489.281
02/01/1977,104.646,97.624,0.322,56.029,8.614,11.606,3.039,0.786,72.226,3.898,51.567,8.606,216.692,418.962
03/01/1977,105.421,91.765,0.406,45.348,6.055,12.871,1.833,1.332,80.059,4.701,48.9,9.347,210.851,408.037
04/01/1977,97.301,76.907,0.385,37.416,4.747,12.189,1.456,1.067,82.38,4.04,42.693,9.434,195.807,370.016
05/01/1977,103.219,73.481,0.402,36.647,4.514,12.273,1.347,1.195,81.466,4.368,41.899,9.368,193.48,370.18
06/01/1977,108.423,71.03,0.521,35.311,4.612,11.841,1.209,1.185,85.158,4.047,43.941,9.337,197.162,376.614
07/01/1977,117.106,70.616,0.567,33.595,4.258,12.914,1.725,1.113,86.22,6.044,43.178,10.171,199.785,387.507
08/01/1977,114.475,72.633,0.489,34.671,4.605,13.774,1.489,1.242,85.994,4.732,46.803,10.357,204.156,391.264
09/01/1977,106.411,75.888,0.465,34.601,4.691,12.575,1.589,1.069,82.055,5.007,43.477,9.249,194.778,377.076
10/01/1977,105.598,80.76,0.373,39.994,6.062,12.598,2.409,1.109,82.638,4.783,41.558,9.876,201.4,387.758
11/01/1977,106.259,90.018,0.368,43.597,6.878,12.404,2.089,1.067,80.656,4.736,41.875,9.803,203.473,399.75
12/01/1977,112.972,112.569,0.292,55.398,8.632,13.53,3.499,0.958,85.469,4.3,51.487,9.994,233.558,459.1
01/01/1978,111.357,127.073,0.308,58.725,9.293,12.177,3.949,0.957,77.432,4.721,54.008,9.89,231.46,469.889
02/01/1978,93.109,114.396,0.31,57.686,8.171,12.416,3.663,0.983,71.982,3.915,55.102,9.052,223.28,430.785
03/01/1978,89.098,102.544,0.437,54.112,6.522,13.74,2.547,1.092,84.082,4.54,54.345,9.769,231.188,422.829
04/01/1978,96.521,82.113,0.385,39.651,4.52,12.128,1.329,1.188,80.779,3.309,44.611,10.202,198.101,376.735
05/01/1978,104.542,73.57,0.453,40.873,4.494,12.341,1.588,1.257,89.522,4.759,41.243,10.919,207.449,385.561
06/01/1978,109.521,66.599,0.451,36.167,4.194,12.54,1.119,1.307,88.75,4.222,39.003,10.829,198.582,374.702
07/01/1978,116.961,71.004,0.475,33.228,4.162,12.575,1.199,1.16,87.801,4.225,42.552,10.946,198.324,386.289
08/01/1978,120.493,68.4,0.55,36.901,4.194,13.968,1.431,1.297,91.236,4.849,44.965,11.222,210.612,399.505
09/01/1978,114.278,65.686,0.463,33.978,4.972,12.927,2.152,1.154,82.981,4.404,40.349,10.831,194.211,374.175
10/01/1978,110.781,76.478,0.461,40.544,6.307,13.235,2.199,1.25,86.318,4.553,40.236,10.458,205.562,392.82
11/01/1978,110.781,88.165,0.322,45.674,6.585,13.29,2.18,1.268,84.153,4.852,42.267,10.623,211.214,410.161
12/01/1978,120.656,110.249,0.329,54.752,7.974,12.987,2.899,1.178,86.359,4.509,47.7,10.841,229.529,460.433
01/01/1979,126.512,129.783,0.264,60.334,9.813,13.618,4.197,1.207,79.161,4.108,54.653,10.98,238.335,494.631
02/01/1979,112.547,118.234,0.27,57.252,8.766,12.889,3.879,1.053,75.938,3.775,49.857,9.988,223.668,454.449
03/01/1979,113.565,100.852,0.398,48.267,7.085,13.669,2.017,1.402,83.781,4.254,49.727,10.977,221.576,435.992
04/01/1979,107.233,85.333,0.363,38.449,6.04,11.767,1.926,1.301,79.127,3.529,37.251,10.591,190.344,382.909
05/01/1979,112.814,76.286,0.425,39.477,5.326,12.26,1.76,1.441,83.6,3.751,38.423,11.975,198.439,387.539
06/01/1979,116.491,69.873,0.26,34.52,5.028,13.122,1.717,1.261,80.649,4.933,38.372,11.756,191.619,377.983
07/01/1979,125.107,70.994,0.685,33.756,5.054,13.573,1.655,1.189,79.989,4.141,37.632,11.585,189.259,385.36
08/01/1979,125.88,71.606,0.558,36.363,5.678,13.472,2.01,1.328,84.954,5.773,39.143,11.276,200.555,398.041
09/01/1979,112.67,70.841,0.489,33.747,5.947,13.203,1.965,1.08,77.173,4.03,38.76,10.475,186.868,370.379
10/01/1979,115.278,82.925,0.402,41.08,7.049,13.079,2.298,1.312,81.364,4.489,38.988,11.283,201.343,399.546
11/01/1979,115.374,94.225,0.436,41.398,7.911,12.831,1.883,1.198,76.165,3.827,41.824,10.881,198.353,407.952
12/01/1979,126.32,110.655,0.316,48.846,8.38,13.68,2.803,0.974,78.002,4.259,46.25,11.376,214.885,451.859
01/01/1980,130.695,119.357,0.293,48.945,9.879,13.683,3.033,1.232,73.276,4.307,47.095,11.762,213.506,463.558
02/01/1980,122.374,114.755,0.374,45.757,7.95,12.446,2.755,1.131,71.516,3.543,44.594,10.831,200.897,438.026
03/01/1980,120.529,109.683,0.35,41.873,7.315,13.818,2.22,1.138,74.244,3.735,40.812,11.703,197.207,427.419
04/01/1980,107.875,81.952,0.328,33.591,4.98,13.291,1.729,1.151,76.266,4.317,36.316,11.501,183.47,373.297
05/01/1980,108.091,72.248,0.402,31.654,5.729,12.49,1.426,1.038,77.992,4.232,34.31,11.034,180.306,360.645
06/01/1980,114.386,66.852,0.412,29.551,5.076,12.688,1.451,1.042,74.665,3.194,34.479,10.957,173.515,354.753
07/01/1980,128.154,69.055,0.412,29.634,4.41,13.766,1.457,0.963,78.144,4.398,35.17,10.223,178.578,375.787
08/01/1980,127.548,68.296,0.438,28.161,4.955,12.915,1.741,0.967,77.049,3.65,35.101,10.246,175.224,371.068
09/01/1980,116.528,69.079,0.424,32.983,5.654,12.65,1.611,1.097,73.013,4.373,35.042,10.221,177.067,362.674
10/01/1980,113.503,80.74,0.431,38.479,6.868,12.778,1.842,1.238,77.213,3.902,34.19,10.234,187.175,381.419
11/01/1980,116.047,93.521,0.327,37.624,6.578,12.287,1.525,1.064,69.913,4.906,36.418,10.684,181.325,390.894
12/01/1980,129.468,113.434,0.262,47.639,8.82,13.408,2.977,1.07,76.86,4.435,41.137,11.189,207.796,450.698
01/01/1981,137.044,121.626,0.27,54.146,9.437,13.209,2.869,1.035,74.534,4.976,44.46,6.024,210.96,469.631
02/01/1981,121.231,101.357,0.233,40.152,7.626,11.403,1.825,1.064,65.954,3.301,35.887,6.201,173.647,396.236
03/01/1981,121.785,101.314,0.369,38.242,7.346,13.073,1.435,1.102,73.045,4.77,32.643,5.866,177.892,400.991
04/01/1981,110.913,79.31,0.369,32.272,5.439,11.609,1.161,1.229,74.049,4.308,27.747,7.253,165.437,355.66
05/01/1981,111.491,75.865,0.303,31.76,5.425,11.401,1.085,1.056,76.663,3.614,27.904,9.995,169.205,356.561
06/01/1981,120.218,69.658,0.405,31.417,5.155,12.556,1.028,0.965,78.822,4.78,30.269,7.103,172.499,362.375
07/01/1981,136.504,69.893,0.418,31.326,4.996,13.299,1.156,1.146,79.076,3.741,30.264,7.788,173.21,379.607
08/01/1981,133.562,69.776,0.413,31.457,4.936,12.707,1.196,0.968,76.918,4.274,28.439,7.157,168.463,371.801
09/01/1981,121.074,67.117,0.247,32.027,5.713,12.345,1.149,1.045,74.718,4.933,27.969,6.955,167.101,355.292
10/01/1981,119.825,80.546,0.355,36.943,7.248,11.555,1.701,1.19,76.233,3.998,28.926,6.454,174.603,374.974
11/01/1981,119.24,86.012,0.247,36.741,6.694,11.779,1.879,0.831,71.475,4.882,28.359,5.14,168.026,373.278
12/01/1981,131.36,110.456,0.264,42.327,8.096,12.105,2.5,0.962,77.431,4.396,34.542,6.235,188.857,430.673
01/01/1982,139.627,128.36,0.252,45.886,8.878,12.863,2.609,0.898,69.081,5.189,33.545,5.147,184.348,452.335
02/01/1982,121.524,106.41,0.186,36.711,6.723,11.782,2.037,0.951,64.858,4.52,32.506,5.186,165.459,393.393
03/01/1982,118.329,98.313,0.269,38.803,7.046,12.135,1.493,0.938,74.943,5.155,29.218,5.699,175.699,392.341
04/01/1982,108.395,79.505,0.27,37.969,6.425,12.033,1.338,1.024,77.36,4.336,28.567,5.942,175.265,363.164
05/01/1982,111.209,60.716,0.276,32.203,5.59,12.485,1.318,0.934,77.129,4.473,23.947,6.198,164.553,336.478
06/01/1982,113.14,59.485,0.359,31.256,5.143,11.858,1.016,1.022,76.662,3.79,22.299,5.95,159.356,331.981
07/01/1982,128.804,61.155,0.31,27.109,5.991,12.405,1.224,0.962,78.697,4.8,23.797,5.427,160.723,350.681
08/01/1982,128.4,61.492,0.384,29.216,5.486,12.155,0.995,0.966,76.653,4.804,23.496,7.987,162.141,352.034
09/01/1982,114.573,60.756,0.33,31.974,6.293,12.396,1.326,1.006,73.249,3.788,21.847,5.577,157.785,333.115
10/01/1982,111.396,69.693,0.258,34.011,6.78,11.908,1.796,0.916,74.063,3.457,22.877,5.713,161.779,342.869
11/01/1982,114.998,83.078,0.145,31.551,7.313,12.649,1.72,1.082,73.737,2.914,23.636,5.547,160.295,358.37
12/01/1982,121.833,92.938,0.212,37.633,7.806,13.082,2.382,0.784,75.897,3.97,24.54,6.331,172.639,387.409
01/01/1983,127.167,118.993,0.065,36.864,8.59,11.897,2.215,0.792,70.125,2.885,24.966,5.501,163.901,410.061
02/01/1983,110.54,99.077,0.299,33.093,6.897,11.84,1.738,0.814,62.81,3.616,21.774,6.596,149.478,359.094
03/01/1983,111.907,93.815,0.216,38.846,5.905,12.449,1.576,1.081,79.224,3.124,24.238,8.68,175.339,381.061
04/01/1983,106.843,80.315,0.275,34.407,5.123,12.371,1.648,0.955,72.367,3.216,20.415,8.844,159.621,346.779
05/01/1983,109.816,65.908,0.251,31.023,4.708,12.478,1.297,1.077,76.688,3.704,20.607,8.285,160.119,335.843
06/01/1983,117.446,56.987,0.362,32.193,4.141,12.889,0.82,1.034,78.438,3.563,19.657,9.297,162.394,336.826
07/01/1983,140.014,56.786,0.335,29.921,4.864,13.34,1.084,1.021,78.408,5.36,19.947,9.018,163.3,360.1
08/01/1983,147.023,58.758,0.347,32.886,5.006,13.297,1.131,1.056,80.379,4.603,21.49,7.96,168.155,373.936
09/01/1983,127.839,55.428,0.347,32.843,6.124,12.927,1.275,1.132,75.447,4.255,20.07,7.725,162.145,345.412
10/01/1983,122.3,58.81,0.325,34.403,6.249,12.405,1.373,1.171,76.354,4.305,19.077,8.236,163.896,345.006
11/01/1983,124.249,68.907,0.253,36.641,6.76,12.107,1.952,0.98,74.058,4.641,20.229,7.9,165.52,358.676
12/01/1983,142.382,88.236,0.224,44.349,9.413,14.66,2.894,0.911,79.344,3.976,24.373,7.098,187.242,417.861
01/01/1984,145.409,125.915,0.15,46.452,9.36,14.923,2.646,0.945,72.453,4.806,30.381,7.396,189.512,460.836
02/01/1984,127.665,105.146,0.226,34.941,7.143,12.992,1.335,1.158,67.421,4.005,23.714,7.68,160.615,393.426
03/01/1984,131.385,98.894,0.155,42.952,6.966,13.66,1.607,1.205,75.502,4.853,24.856,8.171,179.929,410.207
04/01/1984,119.615,85.878,0.274,37.315,5.574,13.902,1.369,1.224,74.723,4.121,20.561,8.229,167.293,372.786
05/01/1984,121.882,72.21,0.383,37.075,5.688,14.192,0.798,1.027,79.692,4.865,18.992,7.797,170.509,364.6
06/01/1984,134.354,62.968,0.327,33.081,5.253,13.24,1.049,1.075,79.543,3.369,19.962,7.044,163.943,361.265
07/01/1984,141.974,61.774,0.264,33.008,5.584,14.731,1.13,1.001,78.995,3.983,18.307,9.024,166.026,369.774
08/01/1984,148.082,61.782,0.368,33.74,6.313,15.465,1.023,1.088,82.036,4.574,19.366,8.647,172.62,382.484
09/01/1984,129.547,58.034,0.24,33.858,5.977,14.476,1.417,1.096,73.742,4.092,17.353,6.376,158.627,346.208
10/01/1984,130.154,63.171,0.215,36.438,7.303,15.18,1.057,1.141,77.83,5.009,16.369,7.87,168.412,361.737
11/01/1984,130.219,74.531,0.253,36.057,7.291,13.888,2.121,0.997,76.109,3.774,20.093,6.513,167.095,371.845
12/01/1984,137.658,92.936,0.181,37.768,7.586,15.419,1.741,0.864,75.813,3.799,18.257,8.968,170.397,400.991
01/01/1985,149.878,113.099,0.234,45.654,9.27,15.325,3.036,0.952,73.423,3.825,22.719,5.973,180.411,443.387
02/01/1985,131.955,115.891,0.194,39.642,7.473,13.19,2.008,1.026,68.815,3.812,18.942,7.204,162.305,410.151
03/01/1985,130.034,92.664,0.279,40.767,6.797,14.438,0.886,1.051,77.075,4.562,18.27,6.425,170.551,393.249
04/01/1985,124.176,77.586,0.328,35.686,5.18,14.998,0.915,1.097,77.851,3.951,16.724,8.101,164.831,366.593
05/01/1985,129.658,61.334,0.308,34.368,5.742,14.047,0.815,1.107,81.654,5.187,17.752,8.122,169.101,360.092
06/01/1985,133.798,57.586,0.297,33.093,5.671,13.688,1.002,1.021,78.311,4.293,15.503,7.902,160.781,352.165
07/01/1985,148.127,59.782,0.375,32.128,5.846,15.095,0.658,0.966,81.055,5.073,16.243,7.35,164.789,372.698
08/01/1985,146.075,59.764,0.38,34.761,5.565,14.991,1.122,1.116,83.753,5.588,17.939,7.905,173.119,378.958
09/01/1985,133.224,55.7,0.307,32.857,6.303,14.518,0.939,0.933,74.201,3.82,15.316,6.108,155.302,344.226
10/01/1985,130.118,61.257,0.291,38.237,7.98,15.606,1.231,1.075,79.764,4.919,15.997,6.327,171.427,362.802
11/01/1985,129.676,70.441,0.207,35.054,7.019,15.326,1.259,0.844,75.775,5.007,19.158,5.441,165.092,365.208
12/01/1985,150.417,102.363,0.28,42.897,9.246,16.7,3.172,0.762,78.559,4.597,22.768,5.788,184.77,437.55
01/01/1986,152.871,115.619,0.219,43.885,8.754,16.007,2.165,0.517,75.238,4.957,21.604,6.333,179.68,448.17
02/01/1986,132.712,101.194,0.205,40.667,7.131,14.314,1.609,0.89,67.612,4.859,20.49,6.804,164.58,398.487
03/01/1986,130.192,92.837,0.308,41.757,6.669,14.871,1.583,1.15,80.479,5.171,22.025,8.639,182.652,405.681
04/01/1986,119.165,72.218,0.347,37.039,5.255,15.112,0.66,1.071,79.56,3.349,20.835,7.998,171.226,362.609
05/01/1986,124.015,62.336,0.379,36.415,4.928,15.473,0.859,1.178,82.232,4.755,20.647,8.96,175.827,362.177
06/01/1986,137.218,55.37,0.372,32.461,4.432,15.867,0.375,1.118,80.73,5.716,20.454,8.231,169.756,362.344
07/01/1986,153.817,55.12,0.386,34.183,4.954,16.424,0.786,0.993,86.041,3.658,23.156,6.49,177.071,386.008
08/01/1986,141.087,53.145,0.415,34.561,5.422,16.788,1.255,0.987,86.033,4.736,22.804,8.453,181.454,375.686
09/01/1986,131.178,50.21,0.652,32.413,6.28,15.867,0.695,1.084,76.87,5.475,19.255,7.522,166.113,347.502
10/01/1986,127.002,54.283,0.303,38.382,8.021,15.782,1.272,1.076,83.889,3.926,19.328,6.952,178.93,360.215
11/01/1986,127.728,66.62,0.241,36.695,8.395,16.573,1.447,0.879,77.032,4.138,20.664,6.528,172.591,366.94
12/01/1986,140.316,89.804,0.252,43.857,8.975,17.937,1.996,0.741,82.652,4.711,25.146,6.113,192.38,422.5
01/01/1987,146.362,114.337,0.211,43.62,9.137,16.919,1.99,1.086,75.619,6.367,23.093,8.105,186.148,446.847
02/01/1987,127.455,103.317,0.212,39.817,7.39,15.997,1.702,1.061,71.03,4.269,21.01,8.108,170.595,401.368
03/01/1987,128.551,94.063,0.278,41.074,7.04,16.939,1.33,1.21,80.587,4.748,18.947,7.187,179.341,401.955
04/01/1987,124.514,77.19,0.283,38.153,6.062,16.154,0.532,1.218,81.905,4.719,17.565,8.888,175.48,377.183
05/01/1987,133.302,63.453,0.326,35.386,5.151,16.223,0.612,1.074,86.329,4.422,15.798,8.609,173.931,370.686
06/01/1987,145.616,58.822,0.306,35.592,5.179,16.318,0.74,1.244,84.43,4.976,17.941,9.02,175.746,380.184
07/01/1987,162.214,58.494,0.314,35.781,5.947,17.237,0.65,1.15,87.727,5.548,20.56,8.757,183.672,404.381
08/01/1987,161.179,60.218,0.327,33.678,5.482,17.574,0.824,1.064,84.916,5.936,18.062,8.1,175.963,397.36
09/01/1987,139.767,55.874,0.259,36.203,6.385,16.328,0.889,1.059,80.686,4.394,19.262,6.823,172.29,367.931
10/01/1987,136.307,65.359,0.271,41.538,7.442,18.216,1.586,1.048,84.535,5.532,16.409,6.16,182.737,384.402
11/01/1987,135.107,75.967,0.192,37.415,7.267,16.306,1.349,0.88,80.083,5.379,17.902,5.61,172.383,383.458
12/01/1987,150.411,96.825,0.177,43.734,8.55,18.184,1.945,1.116,83.908,5.443,22.025,8.387,193.47,440.705
01/01/1988,158.478,117.522,0.251,46.971,10.072,19.379,2.247,0.92,77.487,5.677,25.511,6.782,195.297,471.297
02/01/1988,144.801,109.454,0.222,43.926,8.367,17.564,1.676,1.111,76.238,5.155,24.39,7.486,186.137,440.391
03/01/1988,140.418,100.137,0.28,46.712,7.376,17.259,1.283,1.189,84.781,5.883,22.667,9.342,196.772,437.328
04/01/1988,129.284,78.412,0.257,36.593,5.212,16.693,0.836,1.038,83.247,5.279,19.586,9.269,178.011,385.707
05/01/1988,133.287,69.662,0.362,36.908,5.332,16.975,0.867,1.218,84.55,5.857,14.396,9.908,176.371,379.32
06/01/1988,150.723,62.491,0.339,36.469,5.001,17.065,0.573,1.034,87.584,3.968,16.098,9.767,177.897,391.111
07/01/1988,164.757,62.837,0.36,34.861,5.553,17.424,0.718,1.031,86.622,4.659,18.684,10.51,180.422,408.016
08/01/1988,170.768,65.274,0.308,37.93,5.887,17.89,0.724,1.151,87.485,6.186,20.262,10.862,188.685,424.726
09/01/1988,143.299,58.607,0.295,36.044,6.788,17.091,1,1.096,82.953,5.214,18.273,8.036,176.791,378.697
10/01/1988,141.375,65.73,0.274,42.486,7.591,18.513,1.111,1.065,84.181,4.964,20.621,10.223,191.029,398.133
11/01/1988,140.489,77.678,0.219,40.665,7.829,17.281,1.437,1.081,82.67,5.616,22.351,8.723,187.872,406.039
12/01/1988,157.001,97.559,0.222,47.002,9.21,19.153,1.959,0.804,85.026,6.13,26.926,8.94,205.371,459.931
01/01/1989,156.906,110.025,0.248,43.611,8.907,18.744,1.768,0.995,78.17,6.78,24.921,8.079,192.224,459.557
02/01/1989,147.812,109.497,0.16,40.866,8.281,17.299,1.468,1.047,74.521,4.551,23.837,8.828,180.858,438.53
03/01/1989,146.947,106.249,0.275,45.255,7.648,18.472,1.067,1.31,86.007,4.671,23.81,10.946,199.461,453.059
04/01/1989,134.625,86.591,0.318,38.006,6.006,16.216,0.803,1.083,80.271,4.557,20.818,9.422,177.501,399.107
05/01/1989,138.524,74.013,0.292,38.994,5.254,16.452,0.653,1.365,85.537,6.122,17.176,9.226,181.071,394.009
06/01/1989,148.035,66.033,0.268,38.359,5.14,18.015,0.805,1.165,87.262,5.048,18.178,10.311,184.55,399.007
07/01/1989,160.429,67.438,0.314,34.282,5.079,17.653,0.619,0.94,84.559,5.356,19.74,9.68,178.222,406.49
08/01/1989,161.295,67.1,0.429,39.155,5.392,18.41,0.527,1.126,89.437,6.392,17.218,9.161,187.247,416.044
09/01/1989,145.778,64.994,0.281,36.918,6.29,18.215,0.545,1.056,81.206,5.072,15.014,9.441,174.039,385.199
10/01/1989,142.993,73.312,0.231,41.279,7.327,18.281,1.126,1.16,84.622,4.96,19.84,7.794,186.62,403.326
11/01/1989,144.127,85.432,0.284,42.303,7.62,18.272,1.254,0.992,82.468,5.383,18.427,7.329,184.333,414.28
12/01/1989,167.575,117.327,0.192,51.675,9.907,21.686,1.973,0.827,85.881,4.638,28.715,8.505,213.998,499.302
01/01/1990,156.941,116.372,0.207,42.043,7.418,19.682,1.099,1.118,77.043,6.157,24.514,11.779,191.06,464.897
02/01/1990,139.392,100.156,0.225,38.867,6.806,17.023,1.088,1.17,75.197,5.282,20.436,8.288,174.381,414.403
03/01/1990,145.472,98.173,0.272,43.252,6.851,18.076,0.608,1.251,85.097,5.916,18.306,9.756,189.386,433.556
04/01/1990,137.763,87.396,0.238,38.871,6.339,18.392,0.564,0.992,79.92,4.951,17.099,10.883,178.248,403.915
05/01/1990,140.441,76.012,0.279,38.289,5.656,18.564,0.198,1.221,85.334,5.21,18.841,10.622,184.215,401.193
06/01/1990,152.358,70.68,0.326,37.346,4.301,17.911,0.144,0.946,84.382,5.399,19.342,11.531,181.627,405.172
07/01/1990,165.305,70.216,0.342,36,4.794,17.477,0.21,1.183,86.927,5.795,19.656,11.24,183.623,419.669
08/01/1990,168.248,71.812,0.337,42.478,5.349,19.274,0.503,1.354,90.407,6.214,19.015,9.322,194.252,434.838
09/01/1990,155.63,69.719,0.254,36.595,5.656,18.427,0.379,1.188,77.6,6.104,14.967,8.456,169.626,395.482
10/01/1990,152.532,76.25,0.241,39.076,6.897,19.689,0.232,1.218,83.803,5.901,15.748,8.048,180.853,410.16
11/01/1990,145.869,84.285,0.208,39.522,6.906,18.952,0.286,0.963,81.27,6.405,14.334,6.199,175.045,405.707
12/01/1990,161.191,106.237,0.183,37.178,8.075,19.149,1.055,0.84,80.929,6.796,19.901,8.854,182.96,450.912
01/01/1991,166.414,125.529,0.17,44.44,9.592,19.361,1.17,1.05,77.124,5.052,17.265,8.998,184.224,476.813
02/01/1991,139.203,104.371,0.179,35.483,7.345,17.292,0.639,0.77,71.688,4.338,16.793,7.066,161.591,405.748
03/01/1991,141.147,100.814,0.216,39.397,7.016,17.692,0.543,0.99,81.446,5.633,18.954,7.436,179.322,421.929
04/01/1991,130.785,84.878,0.234,36.274,5.791,15.979,0.476,0.985,80.164,6.399,16.624,8.576,171.501,387.789
05/01/1991,142.398,74.041,0.272,36.509,5.217,16.546,0.339,1.108,86.317,5.257,15.407,8.19,175.162,392.247
06/01/1991,151.41,66.715,0.292,35.453,5.065,17.606,0.198,1.012,83.748,5.181,19.361,7.356,175.273,394.023
07/01/1991,165.355,71.938,0.337,34.963,6.031,18.751,0.173,1.153,87.762,5.848,17.152,8.462,180.632,418.57
08/01/1991,164.726,71.382,0.33,36.574,5.507,19.148,0.217,0.96,87.374,5.631,19.043,9.289,184.072,420.826
09/01/1991,150.296,68.425,0.269,36.6,6.204,18.101,0.063,1.082,79.557,5.97,15.955,9.071,172.872,392.217
10/01/1991,146.585,78.513,0.231,40.226,6.648,18.503,0.339,1.048,84.512,6.719,15.799,8.795,182.819,408.563
11/01/1991,151.314,92.765,0.185,37.32,7.664,17.655,1.408,0.919,78.719,5.792,16.919,8.985,175.566,420.271
12/01/1991,157.388,109.704,0.171,40.757,8.415,18.549,1.364,0.952,83.844,6.171,20.064,7.585,187.873,455.611
01/01/1992,159.75,122.657,0.171,42.652,8.914,18.3,1.439,1.049,79.94,6.783,19.788,9.188,188.227,471.386
02/01/1992,142.772,111.482,0.227,39.747,8.297,16.243,0.876,0.968,75.809,5.501,19.157,6.083,172.909,427.866
03/01/1992,148.512,106.169,0.236,42.328,7.351,16.952,1.044,1.029,83.062,6.894,17.712,9.754,186.361,441.794
04/01/1992,138.698,93.443,0.205,38.818,6.197,16.945,0.415,1.066,81.524,6.53,15.669,10.405,177.774,410.642
05/01/1992,141.808,78.987,0.27,36.341,5.767,16.712,0.247,1.284,85.29,7.181,15.639,10.076,178.807,400.353
06/01/1992,148.755,71.116,0.321,34.23,5.769,17.283,0.125,1.076,84.019,7.739,14.988,9.443,174.993,395.591
07/01/1992,169.332,74.573,0.263,35.778,5.807,17.804,0.703,1.012,88.901,7.284,15.145,11.067,183.765,428.422
08/01/1992,162.669,71.543,0.312,35.713,5.871,19.704,-0.202,0.994,85.89,7.141,14.446,11.243,181.111,416.075
09/01/1992,152.868,70.334,0.253,37.151,5.632,17.345,0.247,1.037,82.72,5.111,13.187,11.099,173.783,397.712
10/01/1992,147.941,75.962,0.178,40.336,7.62,18.375,0.427,0.999,85.407,7.138,17.037,9.631,187.147,411.801
11/01/1992,147.622,92.136,0.171,37.423,8.707,18.399,0.413,0.948,79.987,6.21,15.475,9.813,177.548,418.033
12/01/1992,162.256,116.223,0.235,43.779,9.937,19.304,0.478,0.801,86.076,5.944,20.142,9.336,196.033,475.263
01/01/1993,161.064,124.19,0.117,41.297,8.997,18.116,0.789,0.961,75.978,5.914,15.777,8.094,176.041,462.061
02/01/1993,149.007,117.915,0.113,41.315,8.37,16.601,1.144,0.896,73.502,5.852,15.699,8.029,171.52,439.134
03/01/1993,155.984,116.708,0.29,45.146,8.264,18.066,0.685,1.162,84.552,6.852,16.479,10.129,191.623,465.081
04/01/1993,140.003,91.558,0.19,37.607,6.241,16.998,0.36,1.051,82.409,5.79,15.919,9.517,176.081,408.383
05/01/1993,140.412,70.911,0.286,35.456,5.676,17.415,0.161,0.991,86.916,6.413,15.862,8.945,178.122,390.209
06/01/1993,156.847,71.617,0.249,36.579,5.392,18.373,-0.2,1.15,85.356,7.135,12.926,8.882,175.841,405.045
07/01/1993,177.628,75.946,0.308,35.313,5.862,18.213,0.283,1.038,89.179,6.616,16.567,10.018,183.398,437.737
08/01/1993,176.601,77.216,0.333,37.232,5.8,18.832,0.417,1.194,90.21,6.861,14.666,8.097,183.643,438.225
09/01/1993,152.644,71.001,0.28,37.981,6.482,17.996,0.505,1.121,84.28,6.49,17.424,9.618,182.177,406.562
10/01/1993,152.178,81.949,0.152,39.382,7.744,18.406,0.159,1,84.49,5.639,16.228,9.599,182.799,417.691
11/01/1993,153.301,96.587,0.226,41.104,8.438,17.496,1.543,1.069,83.294,6.423,16.735,7.753,184.081,434.71
12/01/1993,166.976,115.733,0.112,44.308,9.058,18.601,1.582,0.856,87.599,6.121,20.991,8.212,197.439,480.913
01/01/1994,175.836,137.353,0.206,48.773,11.063,18.718,1.016,1.045,79.352,6.86,19.533,9.008,195.574,509.587
02/01/1994,152.751,125.139,0.203,42.659,8.758,17.084,0.83,1,74.817,5.801,20.54,10.835,182.526,461.161
03/01/1994,154.666,111.099,0.203,43.615,7.744,18.75,0.657,1.209,84.193,5.655,16.117,8.289,186.432,453.021
04/01/1994,140.753,89.413,0.285,39.771,6.33,18.578,0.629,1.123,83.403,6.52,16.091,10.007,182.737,413.701
05/01/1994,146.958,76.598,0.105,38.418,5.931,17.999,0.192,1.131,87.117,7.3,16.105,9.875,184.171,408.551
06/01/1994,166.787,77.279,0.389,39.092,5.522,18.943,-0.039,1.194,87.439,7.313,14.081,9.261,183.195,428.059
07/01/1994,174.02,77.744,0.078,35.13,6.339,18.977,0.273,1.069,89.904,6.306,14.455,10.198,182.729,435.317
08/01/1994,172.308,79.433,0.32,40.402,6.337,19.725,0.549,1.087,90.873,6.12,14.858,9.826,190.097,442.663
09/01/1994,153.561,75.082,0.223,39.988,6.628,18.243,0.191,1.014,84.064,5.801,11.354,9.246,176.751,406.193
10/01/1994,150.604,80.793,0.218,40.446,8.161,19.331,0.662,1.168,85.846,6.729,13.147,9.639,185.347,417.568
11/01/1994,145.674,93.468,0.226,40.595,8.035,18.273,1.006,0.913,82.189,5.904,13.092,7.522,177.756,417.696
12/01/1994,159.32,113.551,0.183,42.249,9.477,19.169,1.357,1.099,90.149,5.816,15.167,11.675,196.341,470.037
01/01/1995,164.841,130.253,0.206,44.705,9.584,19.208,1.17,1.043,81.337,6.508,13.026,7.899,184.685,480.657
02/01/1995,149.245,119.478,0.212,43.785,8.662,17.103,1.173,0.962,76.744,6.068,14.427,8.891,178.027,447.543
03/01/1995,149.251,114.673,0.239,44.107,7.585,18.412,0.762,1.2,88.403,6.255,12.25,10.016,189.23,454.032
04/01/1995,138.254,97.288,0.202,39.655,6.764,17.043,0.521,0.919,84.076,5.506,12.033,9.442,176.162,412.553
05/01/1995,145.774,86.17,0.285,38.247,6.674,18.528,0.638,1.151,89.793,7.041,11.705,8.634,182.695,415.516
06/01/1995,158.285,77.636,0.206,41.706,5.867,17.25,0.354,1.072,90.336,6.482,13.321,8.753,185.349,422.119
07/01/1995,179.738,84.824,0.298,36.045,5.722,18.733,0.258,0.963,89.753,7.098,11.597,9.153,179.618,445.058
08/01/1995,188.352,88.595,0.278,40.151,6.127,18.831,0.43,1.18,93.281,5.924,12.594,9.151,187.948,465.773
09/01/1995,158.768,77.807,0.328,41.927,6.962,18.736,0.317,1.044,85.649,6.465,12.607,8.305,182.339,419.764
10/01/1995,153.928,81.415,0.158,40.939,7.648,18.953,0.553,1.162,88.261,6.078,12.674,8.504,184.929,421.151
11/01/1995,156.763,102.336,0.162,41.266,8.515,19.096,0.935,1.115,86.188,6.573,11.784,8.895,184.529,444.477
12/01/1995,169.915,125.362,0.164,45.498,10.044,20.182,0.978,1.017,87.897,7.054,15.975,9.6,198.408,494.563
01/01/1996,175.755,139.456,0.149,48.596,10.926,20.221,1.217,0.946,82.613,5.929,16.344,10.917,197.859,513.941
02/01/1996,159.414,126.152,0.135,45.983,9.462,19.36,1.67,0.946,80.848,5.908,14.905,10.506,189.725,476.105
03/01/1996,159.852,119.524,0.27,45.782,8.815,19.204,1.178,1.339,88.69,7.671,12.842,11.108,196.898,477.145
04/01/1996,144.574,99.216,0.221,43.136,7.407,18.284,0.494,0.907,86.842,6.445,11.046,10.669,185.448,430.081
05/01/1996,154.461,87.726,0.235,41.266,6.821,18.537,0.352,1.182,92.088,5.884,12.701,10.835,189.902,432.961
06/01/1996,166.472,81.668,0.3,40.716,6.134,18.788,0.343,0.951,89.412,6.642,10.919,10.455,184.66,433.643
07/01/1996,180.596,81.897,0.222,39.857,6.429,19.586,0.238,1.087,93.302,6.896,13.758,10.002,191.377,454.741
08/01/1996,181.956,83.583,0.227,41.95,6.804,19.712,0.298,1.085,95.267,6.368,13.373,10.272,195.356,461.767
09/01/1996,163.314,78.449,0.236,40.497,6.876,19.358,0.485,1.08,84.653,6.441,10.648,8.489,178.762,421.368
10/01/1996,163.637,84.348,0.201,47.236,8.468,20.325,0.046,1.057,92.273,8.257,12.82,11.318,202,450.856
11/01/1996,168.275,102.972,0.216,43.937,9.392,19.147,1.519,0.994,87.226,6.353,11.052,10.411,190.245,462.335
12/01/1996,177.176,122.155,0.172,45.141,9.574,19.558,1.424,0.877,88.802,7.546,13.381,10.493,196.97,497.172
01/01/1997,183.53,136.121,0.148,49.937,10.604,20.12,2.02,0.883,83.051,5.702,14.918,11.731,199.114,519.674
02/01/1997,156.328,121.772,0.229,40.832,8.809,17.692,1.225,1.033,78.717,5.936,13.551,9.499,177.522,456.442
03/01/1997,159.466,115.318,0.209,46.236,7.753,19.05,0.808,1.056,88.627,6.195,11.397,11.001,192.331,468.024
04/01/1997,152.048,98.318,0.295,44.734,7.346,18.796,1.012,1.217,88.78,6.349,11.749,10.885,191.163,442.41
05/01/1997,154.956,87.852,0.279,42.676,6.573,19.323,0.243,1.304,92.599,6.496,11.299,12.389,193.18,436.897
06/01/1997,165.847,81.861,0.225,41.402,6.159,18.972,0.287,0.932,91.34,7.729,11.369,11.825,190.239,438.827
07/01/1997,189.027,89.093,0.255,43.209,6.268,20.998,0.197,1.185,96.595,6.953,11.985,12.411,200.056,479.085
08/01/1997,184.97,87.188,0.338,41.369,6.674,20.535,0.507,1.184,93.756,6.146,11.052,11.713,193.276,466.343
09/01/1997,171.195,81.959,0.208,42.2,7.335,19.117,0.376,1.088,88.317,6.058,11.839,9.594,186.132,440.166
10/01/1997,172.535,85.11,0.25,48.138,8.019,19.92,0.698,1.307,92.407,7.28,10.859,10.555,199.432,457.985
11/01/1997,167.238,103.081,0.147,43.852,9.071,19.437,1.068,0.989,87.623,7.052,12.02,9.901,191.16,462.359
12/01/1997,182.795,126.506,0.163,48.986,10.665,20.525,1.419,0.974,91.523,7.884,11.995,10.314,204.449,514.659
01/01/1998,180.548,131.508,0.103,47.011,9.419,19.417,1.714,1.121,86.466,6.169,14.231,9.847,195.499,508.45
02/01/1998,158.21,115.142,0.224,42.847,7.82,18.07,1.164,1.066,79.14,6.842,11.423,8.621,177.217,451.377
03/01/1998,164.107,116.944,0.202,47.533,8.66,19.798,1.332,1.156,90.945,6.648,12.4,10.669,199.344,481.29
04/01/1998,153.013,94.253,0.196,44.209,6.808,19.944,0.467,1.294,91.503,7.63,15.426,9.767,197.243,445.375
05/01/1998,165.744,85.263,0.206,43.104,5.688,19.519,0.699,1.157,94.265,7.562,11.63,11.382,195.213,447.115
06/01/1998,178.027,85.087,0.297,45.608,5.473,19.42,0.724,1.152,93.837,8.154,12.403,9.748,196.816,460.796
07/01/1998,194.389,92.291,0.236,43.445,5.636,20.658,0.3,1.129,98.787,7.862,16.586,10.412,205.049,492.625
08/01/1998,194.482,92.976,0.265,45.446,6.172,19.993,1,1.181,97.464,9.303,13.984,8.804,203.612,491.965
09/01/1998,175.469,85.326,0.194,43.085,5.943,18.857,0.435,1.178,91.415,7.933,14.473,8.907,192.42,454.081
10/01/1998,167.383,82.98,0.246,46.77,7.504,20.773,0.868,1.297,95.162,7.713,11.596,8.313,200.242,451.499
11/01/1998,158.855,94.385,0.181,42.368,7.889,19.696,1.302,0.974,89.809,6.957,12.74,9.616,191.532,445.639
12/01/1998,174.514,116.935,0.107,45.941,9.019,21.787,1.675,1.061,95.88,9.247,13.495,10.633,208.845,501.189
01/01/1999,181.179,137.028,0.282,49.942,11.365,21.148,1.624,0.998,87.227,7.828,13.712,11.059,205.182,524.294
02/01/1999,156.734,114.866,0.157,42.192,8.412,19.006,1.062,1.017,82.237,8.149,13.406,10.739,186.377,458.793
03/01/1999,164.532,118.432,0.201,49.908,9.705,21.072,0.847,1.173,92.177,8.866,14.486,11.382,209.816,493.685
04/01/1999,157.027,99.269,0.265,43.576,7.501,19.864,0.594,1.15,93.412,7.729,10.438,11.658,196.188,453.359
05/01/1999,163.16,84.534,0.166,43.702,6.656,20.043,0.542,1.11,95.561,8.188,13.784,8.526,198.278,446.877
06/01/1999,174.825,81.693,0.265,43.486,6.857,19.67,0.672,1.196,97.552,8.935,10.714,10.869,200.215,457.608
07/01/1999,197.68,90.061,0.281,45.875,6.99,20.487,0.54,1.169,101.562,8.155,11.567,9.041,205.667,494.313
08/01/1999,192.087,92.014,0.304,45.326,7.144,21.664,0.662,1.154,97.339,8.61,15.287,11.858,209.347,494.352
09/01/1999,172.555,81.446,0.238,43.779,7.96,19.815,0.67,1.228,91.141,8.193,11.232,9.798,194.055,448.93
10/01/1999,166.361,86.771,0.193,49.424,8.925,21.48,0.663,1.297,96.739,8.386,11.044,7.72,205.871,459.907
11/01/1999,161.793,92.408,0.186,46.037,8.784,19.738,1.169,1.19,90.235,7.132,11.337,8.414,194.221,449.297
12/01/1999,174.749,119.088,0.175,51.303,11.562,21.387,1.869,1.229,100.233,7.867,13.079,8.11,216.815,511.556
01/01/2000,192.738,135.692,0.172,50.333,12.329,19.981,1.885,1.23,86.612,7.941,12.737,7.631,200.851,530.171
02/01/2000,175.368,125.344,0.126,46.8,9.999,19.531,1.121,1.192,87.936,6.059,12.268,9.56,194.592,496.136
03/01/2000,172.015,111.533,0.228,48.697,9.094,20.962,0.743,1.175,94.055,7.163,10.523,9.948,202.588,487.026
04/01/2000,156.02,97.564,0.224,44.089,7.857,20.22,0.66,1.116,91.877,6.009,11.653,8.718,192.422,446.868
05/01/2000,169.991,92.61,0.234,48.536,7.004,20.793,0.367,1.233,98.123,8.361,11.04,10.89,206.582,470.073
06/01/2000,183.787,86.107,0.235,45.295,7.28,20.68,0.456,1.154,96.945,7.234,14.044,9.573,202.895,473.651
07/01/2000,191.528,89.07,0.261,44.429,7.117,22.165,0.358,1.161,97.969,7.083,16.755,9.062,206.361,487.849
08/01/2000,198.369,96.646,0.307,49.137,7.415,22.996,0.358,1.263,101.071,8.074,14.449,9.245,214.316,510.221
09/01/2000,177.215,83.208,0.193,48.308,7.466,21.1,0.844,1.166,93.394,6.903,13.302,8.769,201.446,462.73
10/01/2000,175.597,85.654,0.221,48.951,8.637,22.152,0.717,1.188,95.223,6.273,17.042,6.905,207.309,469.45
11/01/2000,174.235,102.939,0.175,48.851,9.426,20.846,0.715,0.972,91.767,6.004,13.153,6.765,198.674,476.709
12/01/2000,188.944,139.807,0.133,56.033,12.639,22.35,1.888,0.852,98.077,6.602,17.744,9.709,226.028,555.668
01/01/2001,190.794,144.107,0.191,57.027,11.331,21.701,1.484,1.039,91.551,6.19,16.512,11.99,219.016,554.872
02/01/2001,165.174,124.213,0.217,50.161,9.143,19.724,0.958,1.017,84.179,4.931,12.489,11.029,193.85,484.1
03/01/2001,170.709,120.697,0.174,54.621,8.935,20.997,1.529,1.201,96.647,7.991,13.207,10.706,216.008,508.37
04/01/2001,155.043,96.879,0.177,48.919,7.38,20.355,0.754,1.01,94.13,7.103,13.778,10.976,204.582,457.43
05/01/2001,166.9,81.465,0.261,49.394,6.194,21.429,0.548,1.148,98.747,7.626,12.792,11.477,209.617,458.937
06/01/2001,177.256,77.336,0.228,46.691,5.937,21.096,0.683,1.196,95.563,8.189,12.889,8.991,201.464,456.981
07/01/2001,194.685,85.538,0.253,47.071,6.434,21.996,0.709,1.076,102.124,8.544,13.396,9.495,211.098,492.277
08/01/2001,198.766,89.428,0.268,50.49,6.682,21.402,1.043,1.129,101.655,7.304,12.355,10.082,212.41,501.56
09/01/2001,170.512,79.898,0.154,46.244,7.157,18.411,0.488,1.068,93.861,7.661,9.234,8.465,192.742,444.077
10/01/2001,164.815,88.246,0.171,51.264,8.634,19.549,0.293,0.919,97.844,7.433,11.295,9.995,207.397,461.413
11/01/2001,159.53,91.045,0.176,47.796,8.254,17.404,1.046,1.123,95.113,8.065,10.042,10.233,199.251,450.751
12/01/2001,174.108,113.854,0.146,47.526,10.039,18.774,1.289,0.629,97.255,8.83,8.668,11.846,205.003,493.92
01/01/2002,176.083,133.421,0.166,51.951,10.81,19.771,0.851,1.317,93.27,8.916,10.9,11.783,209.735,520.354
02/01/2002,156.201,120.224,0.118,44.234,9.953,17.241,0.854,0.887,88.134,7.722,9.187,8.257,186.588,464.02
03/01/2002,164.255,120.987,0.178,49.44,9.575,19.693,0.644,1.024,98.347,8.517,12.612,10.657,210.687,497.044
04/01/2002,154.046,100.556,0.195,48.76,6.9,20.003,0.193,1.153,96.223,8.993,10.849,10.354,203.622,459.302
05/01/2002,164.291,86.005,0.178,48.517,6.872,19.036,0.45,1.109,102.983,8.2,10.446,11.01,208.801,460.211
06/01/2002,177.479,84.917,0.227,45.776,6.139,19.863,0.46,0.97,100.402,8.395,9.947,10.346,202.526,466
07/01/2002,196.422,93.321,0.289,48.572,6.528,20.933,0.203,1.062,103.667,9.621,9.421,10.484,210.78,501.638
08/01/2002,194.364,92.088,0.266,49.16,6.711,20.059,0.212,0.983,105.613,8.305,9.405,11.224,211.938,499.504
09/01/2002,179.583,82.264,0.197,47.596,6.544,19.304,0.278,1.086,95.233,8.509,9.289,9.745,197.78,460.705
10/01/2002,174.015,87.771,0.222,50.215,8.378,20.117,0.6,1.096,99.69,7.673,9.98,9.453,207.424,470.323
11/01/2002,171.593,102.297,0.158,50.13,9.01,19.479,0.761,0.985,96.426,8.141,11.677,9.399,206.164,481.133
12/01/2002,185.593,127.512,0.139,51.872,10.308,21.265,0.98,0.735,100.51,7.396,12.773,8.81,214.788,529.008
01/01/2003,192.552,145.562,0.086,56.714,11.756,18.769,1.724,1.118,94.995,7.017,11.818,9.502,213.498,552.616
02/01/2003,170.889,134.731,0.139,51.949,9.906,17.787,1.108,0.893,86.609,6.65,12.313,10.533,197.886,504.412
03/01/2003,168.182,118.31,0.193,52.763,8.601,19.533,0.59,1.027,97.143,7.994,14.166,12.406,214.416,501.912
04/01/2003,154.957,93.648,0.155,50.416,7.505,18.333,0.492,0.981,96.427,8.552,11.564,12.164,206.59,456.166
05/01/2003,163.434,81.134,0.193,48.147,5.986,18.314,0.584,0.879,102.017,7.407,10.339,12.988,206.853,452.425
06/01/2003,176.418,73.305,0.15,48.256,5.349,18.871,-0.008,0.886,100.168,8.716,10.293,11.964,204.645,455.339
07/01/2003,195.543,85.735,0.224,48.541,6.209,20.016,0.151,0.97,103.767,9.128,11.925,11.914,212.845,495.127
08/01/2003,197.935,88.488,0.212,49.487,6.396,20.697,0.315,0.991,106.15,7.844,13.775,11.75,217.616,505.042
09/01/2003,178.322,76.446,0.269,49.402,6.857,19.058,0.5,0.952,97.468,8.342,9.802,9.247,201.897,457.636
10/01/2003,172.444,83.159,0.145,52.015,7.459,19.69,0.537,1.094,102.66,8.974,10.989,10.496,214.059,470.665
11/01/2003,173.417,94.049,0.187,48.791,8.372,19.665,0.704,0.725,97.319,8.605,10.45,9.73,204.546,472.983
12/01/2003,190.903,121.764,0.139,53.234,11.183,20.725,1.478,0.953,101.294,9.411,12.163,11.312,221.893,535.564
01/01/2004,193.635,143.883,0.146,57.127,11.453,18.755,1.815,0.89,97.928,9.292,15.045,8.636,221.086,559.581
02/01/2004,175.802,135.005,0.181,52.189,10.301,19.487,1.148,0.73,92.952,6.639,14.192,11.231,209.05,520.771
03/01/2004,168.002,112.739,0.156,54.739,8.419,19.439,0.903,1.076,101.612,8.722,13.541,12.43,221.037,502.756
04/01/2004,157.185,93.502,0.211,52.88,7.377,18.945,0.797,1.097,99.365,8.156,12.315,11.208,212.35,463.983
05/01/2004,174.084,84.162,0.154,50.627,6.244,19.882,0.372,0.955,103.3,11.723,11.928,12.231,217.415,476.639
06/01/2004,182.202,79.554,0.175,49.615,6.402,20.123,0.627,1.16,101.387,9.584,12.243,11.322,212.638,475.341
07/01/2004,195.688,85.017,0.231,50.464,6.389,20.654,0.422,1.055,105.398,8.856,13.841,13.378,220.688,502.371
08/01/2004,192.859,84.466,0.209,51.261,6.524,21.557,0.534,0.899,105,10.177,11.947,12.835,220.945,499.247
09/01/2004,178.901,79.246,0.219,51.862,6.455,19.426,0.449,0.925,98.101,9.953,11.648,9.86,208.898,467.992
10/01/2004,173.191,83.232,0.205,54.108,7.771,20.446,0.548,1.02,102.273,9.124,13.179,10.859,219.531,476.932
11/01/2004,174.343,95.469,0.126,51.777,8.511,20.55,0.66,0.869,98.491,10.554,12.792,10.632,214.962,485.72
12/01/2004,193.639,125.054,0.15,55.056,10.525,20.494,1.378,0.944,103.426,10.535,14.091,11.208,227.807,547.477
01/01/2005,193.255,138.109,0.311,55.665,11.057,19.14,1.696,0.926,98.755,9.018,15.511,8.429,220.508,552.86
02/01/2005,171.119,120.785,0.175,50.034,9.436,19.611,0.81,0.853,89.759,8.218,12.833,9.649,201.379,494.174
03/01/2005,177.279,118.686,0.179,57.329,9.28,21.505,1.258,1.011,100.905,9.169,11.797,12.652,225.086,522.039
04/01/2005,157.342,92.603,0.18,52.327,6.521,19.458,0.557,0.925,99.181,9.775,11.894,9.23,210.047,460.947
05/01/2005,167.564,81.687,0.185,53.225,6.4,20.857,0.962,1.086,104.101,10.672,11.259,11.952,220.699,470.937
06/01/2005,186.497,82.339,0.212,51.53,5.688,20.359,0.662,1.05,101.574,9.296,12.32,14.344,217.034,486.825
07/01/2005,200.242,90.669,0.231,50.825,5.888,21.492,0.592,1.008,106.866,10.413,13.861,10.155,221.33,513.228
08/01/2005,201.443,91.109,0.251,53.01,7.077,21.719,0.358,1.055,106.765,9.32,16.138,11.689,227.385,520.924
09/01/2005,184.591,76.308,0.242,52.508,5.767,20.14,0.684,0.887,96.573,8.656,15.237,10.314,211.007,472.861
10/01/2005,176.716,76.5,0.166,53.782,6.659,20.614,0.877,1.127,101.048,7.838,15.209,12.106,219.427,473.63
11/01/2005,172.267,89.283,0.151,51.807,7.4,19.52,0.93,0.793,98.569,9.18,14.523,12.563,215.436,477.942
12/01/2005,192.96,125.329,0.165,57.2,10.774,21.878,1.06,0.837,103.84,9.606,15.742,12.406,233.509,552.785
01/01/2006,182.271,116.956,0.093,54.669,8.592,19.994,0.964,0.827,99.182,8.363,14.338,13.518,220.539,520.776
02/01/2006,170.266,115.831,0.158,51.15,8.714,17.807,1.358,1.251,90.278,6.304,11.321,10.614,198.956,485.966
03/01/2006,173.819,114.802,0.235,57.763,8.41,19.437,1.253,0.968,101.562,8.815,12.076,10.918,221.438,511.07
04/01/2006,153.418,90.646,0.229,51.718,5.965,19.944,1.024,1.018,99.232,7.3,10.143,11.833,208.407,453.45
05/01/2006,168.843,82.296,0.234,53.54,5.856,20.347,0.606,0.868,103.925,8.288,9.009,12.449,215.123,467.273
06/01/2006,182.019,83.565,0.185,51.144,6.072,20.547,0.348,1.003,102.077,8.995,9.176,14.076,213.622,480.185
07/01/2006,200.553,94.928,0.218,51.936,5.882,21.174,0.484,0.936,107.257,8.385,10.246,10.88,217.398,513.89
08/01/2006,202.418,94.507,0.299,54.727,6.477,21.124,0.372,0.953,106.628,9.084,11.8,13.809,225.275,523.21
09/01/2006,177.21,78.711,0.192,52.687,5.772,19.389,0.331,0.803,99.489,10.203,7.99,11.926,208.782,465.681
10/01/2006,177.078,88.596,0.2,56.721,7.557,19.999,0.383,1.143,103.057,8.721,9.401,11.444,218.625,485.31
11/01/2006,172.489,95.182,0.135,53.17,8.068,19.45,0.306,0.822,99.446,9.203,7.797,12.534,210.932,479.581
12/01/2006,186.694,114.606,0.137,56.096,8.978,20.321,0.606,0.669,103.79,10.658,11.237,12.554,225.046,527.357
01/01/2007,190.174,133.607,0.178,55.755,10.353,20.135,0.658,1.056,98.307,7.42,11.656,12.169,217.687,542.459
02/01/2007,175.07,138.626,0.13,54.219,10.334,18.384,0.545,0.804,90.008,6.602,13.119,12.101,206.246,520.838
03/01/2007,171.293,114.795,0.149,56.782,8.121,19.323,0.444,1.058,101.637,9.453,11.099,11.899,219.964,507.043
04/01/2007,159.134,97.552,0.21,53.429,7.078,19.852,0.33,0.974,98.839,7.161,10.138,13.191,211.203,468.848
05/01/2007,169.729,84.06,0.188,53.301,5.866,20.159,0.175,1.099,104.511,9.303,10.602,13.671,218.874,473.654
06/01/2007,186.285,83.757,0.232,52.176,5.821,20.047,0.181,0.906,101.613,7.906,10.892,10.62,210.394,481.395
07/01/2007,198.246,89.498,0.187,52.765,5.915,20.737,0.083,1.028,106.642,7.143,10.269,12.005,216.774,505.508
08/01/2007,203.435,102.315,0.231,54.33,5.719,21.223,0.358,0.971,105.957,9.113,11.679,12.05,221.631,528.372
09/01/2007,182.263,85.644,0.174,52.758,6.606,18.482,0.388,0.86,98.939,8.927,10.012,9.931,207.076,475.942
10/01/2007,174.769,87.627,0.229,55.202,6.757,20.391,0.351,1.049,101.67,7.395,9.611,11.334,213.991,477.378
11/01/2007,172.411,98.799,0.161,51.671,7.603,19.287,0.56,0.932,98.222,7.577,11.416,12.185,209.613,481.783
12/01/2007,189.562,129.58,0.117,54.957,9.733,19.97,0.735,0.893,101.627,9.672,10.204,11.835,219.743,539.876
01/01/2008,193.505,147.691,0.141,54.877,10.708,19.692,0.173,0.957,95.384,8.465,10.48,11.754,212.633,554.845
02/01/2008,178.276,135.184,0.126,52.427,9.606,18.099,0.348,0.856,89.435,6.753,7.749,11.255,196.652,511.062
03/01/2008,172.806,122.919,0.168,54.465,8.767,19.336,0.322,1.001,98.007,7.972,9.036,9.602,208.677,505.418
04/01/2008,160.128,98.281,0.179,52.01,6.277,19.557,0.01,0.982,94.809,7.864,10.507,10.415,202.61,462.002
05/01/2008,167.783,84.874,0.206,51.458,6.336,19.806,0.083,0.997,99.53,7.694,10.34,10.326,206.777,460.449
06/01/2008,183.941,86.43,0.172,47.684,5.91,19.572,0.062,0.93,94.568,7.394,10.154,10.041,196.487,467.841
07/01/2008,199.955,92.143,0.171,48.3,6.09,19.616,-0.011,0.97,98.036,9.064,10.497,8.64,201.373,494.487
08/01/2008,195.067,90.704,0.193,47.92,6.416,20.421,0.034,1.095,97.786,7.957,7.846,8.322,197.991,484.778
09/01/2008,175.362,78.614,0.165,47.388,4.783,17.818,0.148,0.655,87.56,5.804,7.721,9.549,181.59,436.549
10/01/2008,166.05,88.032,0.13,54.736,7.319,17.655,0.125,1.017,96.321,7.883,9.164,11.904,206.253,461.35
11/01/2008,166.197,100.724,0.156,49.05,7.785,17.36,0.247,0.614,92.029,7.17,7.741,11.654,193.805,461.709
12/01/2008,180.67,129.635,0.149,49.544,8.872,17.38,0.595,0.724,95.148,8.471,11.56,12.316,204.759,516.08
01/01/2009,181.348,147.284,0.145,53.233,9.33,16.351,0.555,0.839,92.107,7.234,11.676,11.331,202.801,532.421
02/01/2009,150.99,125.755,0.101,45.255,8.129,15.262,0.462,0.603,85.559,6.526,6.21,9.845,177.953,455.59
03/01/2009,146.688,116.95,0.151,48.856,7.89,17.517,0.206,0.783,95.271,7.159,9.075,8.455,195.364,459.99
04/01/2009,135.414,93.685,0.161,43.496,6.233,17.269,0.175,0.842,93.167,8.169,10.057,8.15,187.719,417.775
05/01/2009,141.536,80.875,0.137,44.67,5.148,16.559,0.18,0.706,96.552,8.491,6.656,8.745,187.844,411.242
06/01/2009,157.53,82.181,0.185,44.176,5.002,17.175,0.138,0.84,94.459,8.77,8.405,7.767,186.919,427.586
07/01/2009,167.355,89.262,0.202,43.999,5.416,18.766,0.017,0.85,98.311,6.3,4.892,10.002,188.756,446.361
08/01/2009,172.12,93.49,0.168,44.423,5.98,18.051,0.075,0.961,98.676,6.923,7.25,8.72,191.227,457.824
09/01/2009,148.152,84.687,0.194,44.635,5.896,17.053,-0.055,0.837,91.557,7.716,5.049,9.778,182.662,416.457
10/01/2009,150.462,89.561,0.123,47.277,7.717,16.973,0.271,0.857,95.108,5.569,7.596,8.785,190.275,431.286
11/01/2009,147.836,95.477,0.103,44.914,9.057,16.304,0.265,0.79,91.049,5.826,6.608,7.186,182.101,426.371
12/01/2009,176.304,134.305,0.168,50.021,10.497,17.09,0.336,0.798,94.481,6.532,8.933,8.668,197.525,509.121
01/01/2010,182.057,151.053,0.105,48.343,10.547,16.74,0.187,0.812,89.508,4.961,9.418,8.779,189.4,523.479
02/01/2010,163.369,133.309,0.1,45.3,8.962,15.111,0.395,0.862,81.243,5.573,7.125,8.493,173.164,470.717
03/01/2010,156.618,114.937,0.152,49.888,7.818,17.977,0.145,0.961,92.384,7.839,8.133,10.435,195.731,468.254
04/01/2010,138.243,90.574,0.181,47.259,5.771,16.995,0.082,0.89,92.578,6.865,8.743,10.595,189.959,419.714
05/01/2010,154.874,86.504,0.162,47.332,5.485,18.013,0.136,0.894,96.124,6.255,7.95,10.141,192.492,434.839
06/01/2010,176.151,88.297,0.188,47.146,5.108,18.607,0.191,1.046,94.298,7.344,7.414,9.844,191.186,456.571
07/01/2010,190.309,97.84,0.211,46.074,5.344,18.609,0.241,0.984,97.502,7.106,9.122,9.449,194.643,483.761
08/01/2010,190.131,100.718,0.152,49.847,5.631,18.512,0.119,0.902,97.006,7.988,7.299,10.557,198.014,489.831
09/01/2010,161.811,87.627,0.214,48.902,5.599,17.564,0.098,0.919,92.476,7.72,7.601,9.542,190.636,441.011
10/01/2010,145.088,89.08,0.163,49.109,6.559,17.811,0.187,0.889,94.3,6.172,7.485,8.663,191.338,426.475
11/01/2010,148.645,105.765,0.116,48.876,7.619,16.837,0.566,0.841,89.095,6.937,8.175,8.871,187.932,443.279
12/01/2010,178.569,145.841,0.127,54.431,10.157,17.235,0.634,0.785,93.091,6.84,8.044,9.972,201.315,526.694
01/01/2011,179.776,155.171,0.123,51.572,9.296,16.775,0.238,0.864,87.637,6.696,8.907,10.522,192.63,528.573
02/01/2011,148.831,131.653,0.136,45.984,8.467,15.218,0.569,0.76,81.077,4.916,7.827,7.497,172.451,453.834
03/01/2011,147.637,119.552,0.191,52.511,7.499,17.25,0.336,1.044,92.084,6.449,7.072,11.22,195.656,463.84
04/01/2011,135.642,97.669,0.109,46.95,5.751,17.568,0.104,0.92,89.227,6.358,7.067,9.502,183.555,417.829
05/01/2011,148.124,89.129,0.196,47.764,5.269,17.738,0.003,0.849,92.088,7.651,7.157,7.845,186.561,424.811
06/01/2011,167.562,88.646,0.176,49.25,4.72,18.569,0.054,0.845,91.45,6.789,7.098,8.283,187.233,444.404
07/01/2011,185.72,101.271,0.2,45.868,4.641,18.354,0.114,0.827,94.779,6.818,5.031,10.781,187.412,475.399
08/01/2011,182.86,101.32,0.199,51.591,5.22,19.365,0.069,0.955,92.92,8.524,5.319,10.076,194.238,479.413
09/01/2011,153.968,88.528,0.133,48.877,5.189,17.075,0.094,0.843,88.589,6.259,7.269,9.767,184.094,427.553
10/01/2011,140.761,93.275,0.173,51.524,6.501,17.24,0.026,0.715,90.296,7.286,6.195,9.123,189.078,424.11
11/01/2011,135.88,108.822,0.123,50.996,7.514,17.078,0.071,0.838,86.181,6.72,6.202,10.282,186.006,431.672
12/01/2011,148.72,136.386,0.113,49.355,8.779,16.855,0.154,0.773,90.505,4.26,7.95,9.435,188.179,474.281
01/01/2012,142.339,148.325,0.133,50.086,8.803,16.296,0.07,0.847,85.655,7.455,6.927,8.746,185.018,476.685
02/01/2012,127.731,134.53,0.111,47.411,7.465,15.744,0.321,0.906,84.025,5.278,5.634,9.454,176.349,439.547
03/01/2012,118.267,114.261,0.152,47.735,6.269,17.208,0.087,0.769,89.596,5.85,6.315,9.345,183.327,416.858
04/01/2012,107.157,104.823,0.148,46.192,5.644,16.281,0.024,0.844,88.323,6.152,6.275,7.395,177.278,390.229
05/01/2012,127.009,100.505,0.182,48.208,5.337,17.549,0.102,0.85,93.728,7.104,4.859,7.627,185.547,414.063
06/01/2012,142.592,100.234,0.137,46.293,4.537,18.643,0.023,0.726,90.841,6.875,5.404,9.574,183.055,426.851
07/01/2012,170.053,111.14,0.217,45.728,4.993,18.293,0.002,0.747,92.157,6.366,7.02,9.173,184.697,466.892
08/01/2012,163.431,107.809,0.145,48.112,5.258,18.318,0.004,0.765,95.499,7.584,6.145,9.125,190.955,463.197
09/01/2012,138.432,96.89,0.153,45.808,4.987,16.611,0.054,0.716,86.635,6.681,5.577,7.341,174.563,410.855
10/01/2012,133.364,101.945,0.155,49.775,6.711,16.856,0.037,0.783,90.663,5.711,4.764,10.531,185.986,422.298
11/01/2012,139.993,116.444,0.107,48.043,7.332,16.652,0.039,0.818,85.78,6.746,4.796,10.336,180.649,438.057
12/01/2012,146.611,134.655,0.098,45.667,8.451,17.206,0.028,0.643,87.603,6.753,3,11.797,181.245,463.513
01/01/2013,149.794,155.476,0.119,52.454,9.51,16.333,0.138,0.887,87.084,7.477,5.223,8.558,187.783,494.027
02/01/2013,134.949,138.602,0.079,46.28,8.298,15.121,0.026,0.802,79.17,4.716,4.116,8.856,167.465,441.896
03/01/2013,140.96,136.012,0.125,48.261,8.479,17.358,0.191,0.884,90.15,5.409,6.749,8.129,185.734,463.681
04/01/2013,122.821,105.926,0.123,47.705,6.576,17.407,0.059,0.761,89.349,4.798,4.035,8.665,179.478,409.168
05/01/2013,130.252,94.203,0.162,47.903,5.562,18.179,0.015,0.896,94.215,7.356,3.734,10.451,188.473,413.903
06/01/2013,148.642,93.735,0.156,44.97,5.314,17.529,0.01,0.953,91.464,7.231,4.252,8.864,180.741,424.062
07/01/2013,163.634,103.688,0.175,46.009,5.043,19.263,0.012,0.851,95.586,6.934,5.569,11.418,190.86,459.157
08/01/2013,161.628,103.717,0.148,46.776,5.306,18.988,0.01,0.84,95.359,7.442,6.272,8.575,189.717,456.037
09/01/2013,144.787,95.018,0.111,45.468,6.067,17.08,0.048,0.805,90.27,7.218,5.495,11.322,183.884,424.633
10/01/2013,133.678,100.394,0.122,50.894,6.851,18.129,0.018,0.809,93.186,5.849,4.1,9.54,189.498,424.546
11/01/2013,132.718,124.878,0.152,47.552,8.497,17.23,0.004,0.673,90.046,7.04,5.358,10.878,187.429,445.969
12/01/2013,153.667,157.705,0.076,48.864,9.742,17.796,0.246,0.799,90.21,5.718,2.598,10.565,186.615,498.963
01/01/2014,166.02,173.975,0.104,55.756,10.838,16.999,0.234,0.731,86.177,8.403,4.976,7.701,191.918,532.894
02/01/2014,152.11,148.742,0.065,48.227,8.753,15.535,0.057,0.652,81.332,5.198,3.295,8.555,171.668,473.406
03/01/2014,145.155,138.631,0.129,51.852,8.087,17.855,0.03,1.012,90.843,3.418,2.764,8.704,184.694,469.46
04/01/2014,118.314,106.055,0.121,49.315,6.214,17.547,0.024,0.887,90.373,6.008,4.14,9.972,184.601,409.919
05/01/2014,129.302,97.775,0.143,50.373,4.994,17.446,0.025,0.903,94.05,7.046,3.457,9.439,187.876,415.934
06/01/2014,148.432,94.25,0.115,47.965,5.377,18.61,0.02,0.792,91.109,6.517,3.773,8.24,182.518,426.149
07/01/2014,161.891,101.622,0.189,49.238,5.054,19.421,0.149,0.96,96.433,7.916,3.881,9.077,192.318,456.812
08/01/2014,160.946,104.458,0.148,49.052,5.721,18.965,0.018,0.894,97.168,6.629,3.339,9.078,191.012,457.397
09/01/2014,138.679,97.733,0.122,48.25,6.078,17.866,0.226,0.974,88.987,7.645,4.126,10.478,184.75,422.112
10/01/2014,124.425,103.371,0.123,54.366,7.082,18.432,0.204,0.883,95.275,6.934,3.771,9.535,196.604,425.381
11/01/2014,131.182,127.677,0.111,48.175,8.59,17.798,0.077,0.927,89.855,7.408,5.031,9.267,187.239,447.047
12/01/2014,137.158,145.237,0.133,53.112,9.418,19.153,0.281,0.776,93.114,5.082,3.87,8.402,193.341,476.717
01/01/2015,142.559,169.931,0.086,54.135,10.182,17.134,0.032,1.067,90.031,7.712,4.509,8.284,193.172,506.638
02/01/2015,134.036,159.608,0.082,52.824,9.363,16.264,0.102,0.773,82.961,3.751,2.698,8.771,177.589,472.114
03/01/2015,118.126,141.195,0.095,52.135,8.447,19.288,0.143,1.061,94.348,7.196,4.035,8.767,195.516,455.812
04/01/2015,98.889,109.173,0.149,49.582,6.518,18.408,0.008,1.001,92.812,6.973,2.551,8.939,186.941,395.946
05/01/2015,114.865,100.923,0.145,47.844,5.813,18.928,0.259,1.109,96.33,7.32,3.599,11.489,192.835,409.599
06/01/2015,136.705,103.276,0.13,47.487,5.788,19.943,0.005,0.888,94.822,7.526,2.972,10.615,190.177,431.102
07/01/2015,150.87,112.465,0.192,49.353,5.896,20.562,0.011,1.091,98.617,7.628,4.989,11.126,199.466,463.777
08/01/2015,145.491,111.629,0.118,49.445,6.211,19.952,0.019,0.847,98.46,7.862,4.568,9.333,196.815,454.91
09/01/2015,128.645,103.345,0.115,49.654,5.295,18.495,0.008,0.86,93.483,5.228,3.966,8.513,185.616,418.55
10/01/2015,108.468,108.021,0.151,50.956,7.034,20.108,0.037,1.012,96.285,6.281,3.621,6.873,192.357,409.821
11/01/2015,99.587,122.41,0.097,46.013,7.227,18.372,0.016,0.702,91.678,5.656,4.459,9.14,183.36,406.302
12/01/2015,102.151,141.009,0.102,48.613,8.762,19.661,0.316,0.904,95.321,5.405,4.855,10.232,194.17,438.305
01/01/2016,123.417,168.715,0.08,49.161,10.121,18.056,0.025,0.947,90.11,7.278,4.695,9.5,189.973,483.092
02/01/2016,102.569,144.627,0.109,47.588,8.299,17.883,0.027,0.964,89.673,6.466,2.625,12.01,185.645,433.764
03/01/2016,83.145,128.291,0.104,50.122,7.602,19.269,0.132,0.995,97.555,6.974,5.537,9.33,197.619,410.042
04/01/2016,80.763,113.366,0.15,46.478,6.325,18.883,0.042,0.884,92.565,5.443,6.658,10.256,187.684,382.767
05/01/2016,91.741,106.85,0.122,46.843,5.842,19.658,0.1,0.922,97.967,5.284,4.956,8.951,190.645,390.223
06/01/2016,125.177,108.79,0.127,46.86,5.164,20.77,0.126,0.984,96.638,4.572,5.012,9.7,189.954,424.876
07/01/2016,145.2,118.946,0.13,44.753,5.541,21.429,0.136,0.799,99.595,6.18,6.502,9.046,194.111,459.243
08/01/2016,144.305,120.125,0.152,48.339,5.248,21.45,0.009,0.864,100.72,8.375,4.87,11.295,201.324,466.74
09/01/2016,123.226,105.863,0.113,47.265,5.742,19.716,0.17,0.845,95.505,5.283,3.75,9.887,188.276,418.32
10/01/2016,109.048,104.617,0.105,49.943,6.83,20.053,0.241,0.917,94.452,5.962,5.218,10.607,194.331,408.982
11/01/2016,97.1,117.493,0.12,47.582,7.108,19.681,0.024,0.817,92.783,8.994,4.529,8.865,190.504,406.052
12/01/2016,128.527,156.299,0.104,50.625,9.414,20.593,0.27,0.804,96.293,7.309,4.688,10.409,200.508,486.321
01/01/2017,124.55,158.683,0.101,47.646,10.145,19.789,0.303,0.947,88.245,8.066,8.278,9.693,193.213,477.388
02/01/2017,96.402,127.311,0.09,45.182,7.462,17.072,0.099,0.805,84.589,3.984,3.868,8.977,172.128,396.692
03/01/2017,98.13,137.255,0.11,52.269,8.37,20.879,0.029,0.999,97.023,3.472,4.896,11.196,199.244,435.572
04/01/2017,89.501,104.864,0.112,45.805,6.628,19.816,0.03,0.863,93.476,5.437,4.192,11.64,187.998,383.276
05/01/2017,101.585,102.654,0.126,49.488,6.059,20.792,0.036,0.915,99.21,6.651,5.466,10.339,199.082,404.263
06/01/2017,115.688,103.686,0.174,47.933,5.178,21.242,0.019,0.808,98.178,5.178,5.182,11.498,195.391,415.677
07/01/2017,136.074,116.352,0.137,45.599,5.884,21.599,0.006,0.808,99.821,8.682,4.398,10.945,197.878,451.247
08/01/2017,128.618,113.697,0.148,50.185,5.277,21.951,0.011,0.643,101.272,5.657,5.309,10.409,200.861,444.118
09/01/2017,108.433,104.222,0.102,47.762,5.761,19.614,0.172,0.773,94.212,6.453,4.48,9.852,189.181,402.748
10/01/2017,99.852,110.251,0.103,50.641,6.988,21.817,0.017,0.857,97.104,3.354,4.952,10.887,196.719,407.764
11/01/2017,101.652,128.107,0.112,50.88,8.168,20.32,0.04,0.826,91.218,7.352,5.849,10.333,195.099,425.77
12/01/2017,115.549,167.96,0.134,50.209,9.93,21.872,0.011,0.658,96.039,7.389,4.816,10.669,201.728,486.179
01/01/2018,126.31,181.823,0.103,57.48,11.619,19.536,0.444,0.736,90.976,6.518,4.961,10.855,203.226,512.301
02/01/2018,91.715,147.365,0.069,45.722,9.122,17.889,0.033,0.848,82.631,3.45,4.139,11.184,175.087,415.017
03/01/2018,89.673,152.017,0.141,53.106,9.216,21.254,0.076,0.922,98.591,5.619,3.616,12.056,204.596,447.228
04/01/2018,82.318,127.538,0.13,50.668,7.622,19.648,0.037,0.823,92.837,5.655,6.058,9.004,192.482,403.25
05/01/2018,94.706,111.276,0.133,53.236,5.994,20.987,0.097,0.717,98.577,5.865,4.532,9.777,199.915,406.838
06/01/2018,110.293,111.734,0.152,48.286,5.58,22.389,0.021,0.886,98.623,6.575,4.156,11.145,197.812,420.751
07/01/2018,124.464,127.375,0.176,50.094,6.475,22.091,0.028,0.893,100.139,6.205,5.309,9.743,201.153,453.935
08/01/2018,124.346,125.348,0.16,52.946,6.673,23.145,0.027,0.936,101.449,8.457,4.481,10.361,208.635,459.271
09/01/2018,106.632,116.799,0.099,49.144,6.751,20.54,0.005,0.669,92.247,7.469,5.175,7.983,190.082,414.425
10/01/2018,96.904,123.797,0.176,55.062,7.832,20.867,0.013,0.75,96.442,7.957,4.193,11.042,204.333,425.976
11/01/2018,102.811,147.462,0.078,51.499,9.707,21.173,0.016,0.794,93.333,5.029,5.08,10.298,197.006,448.191
12/01/2018,110.12,162.989,0.133,50.863,10.7,20.887,0.012,0.637,95.283,5.176,5.632,9.616,198.939,472.99
01/01/2019,110.132,185.38,0.116,55.59,12.144,20.298,0.33,0.786,90.96,5.495,4.664,9.469,199.852,496.307
02/01/2019,90.386,163.401,0.084,49.72,10.174,18.043,0.184,0.609,83.84,2.196,4.166,7.05,176.066,430.704
03/01/2019,89.049,157.865,0.133,52.629,9.735,21.287,0.052,0.471,95.254,6.205,3.327,9.731,198.823,446.68
04/01/2019,68.961,119.598,0.12,48.691,7.39,21.096,0.022,1.136,94.195,4.405,2.512,10.81,190.378,379.849
05/01/2019,81.264,115.259,0.17,51.042,6.83,22.188,0.015,0.762,97.389,6.265,3.004,11.851,199.516,396.981
06/01/2019,88.844,114.871,0.156,49.058,6.399,21.692,0.003,0.708,97.173,7.284,4.845,9.531,196.848,401.475
07/01/2019,109.81,130.905,0.203,49.42,7.164,22.926,0.014,0.916,98.555,7.761,5.232,9.326,201.518,443.176
08/01/2019,103.499,132.492,0.132,50.506,6.823,23.008,0.002,0.774,102.184,6.669,5.225,11.538,206.86,443.794
09/01/2019,94.729,120.467,0.149,47.982,7.285,20.374,0.057,0.677,92.232,5.37,4.009,10.754,188.89,404.998
10/01/2019,78.294,126.5,0.155,53.69,8.419,21.504,0.03,0.907,96.799,4.691,4.911,11.266,202.372,408.109
11/01/2019,86.202,146.879,0.125,51.519,9.539,20.609,0.153,0.722,92.129,6.598,3.258,10.922,195.573,429.567
