U.S. Energy Information Administration,,,,,,,,,,,,,
February 2020 Monthly Energy Review,,,,,,,,,,,,,
,,,,,,,,,,,,,
0,,,,,,,,,,,,,
,,,,,,,,,,,,,
"Release Date: February 25, 2020",,,,,,,,,,,,,
"Next Update: March 26, 2020",,,,,,,,,,,,,
,,,,,,,,,,,,,
Table 10.1 Renewable Energy Production and Consumption by Source,,,,,,,,,,,,,
,,,,,,,,,,,,,
Month,Wood Energy Production,Biofuels Production,Total Biomass Energy Production,Total Renewable Energy Production,Hydroelectric Power Consumption,Geothermal Energy Consumption,Solar Energy Consumption,Wind Energy Consumption,Wood Energy Consumption,Waste Energy Consumption,Biofuels Consumption,Total Biomass Energy Consumption,Total Renewable Energy Consumption
,(Trillion Btu),(Trillion Btu),(Trillion Btu),(Trillion Btu),(Trillion Btu),(Trillion Btu),(Trillion Btu),(Trillion Btu),(Trillion Btu),(Trillion Btu),(Trillion Btu),(Trillion Btu),(Trillion Btu)
01/01/1973,129.63,Not Available,129.787,403.981,272.703,1.491,Not Available,Not Available,129.63,0.157,Not Available,129.787,403.981
02/01/1973,117.194,Not Available,117.338,360.9,242.199,1.363,Not Available,Not Available,117.194,0.144,Not Available,117.338,360.9
03/01/1973,129.763,Not Available,129.938,400.161,268.81,1.412,Not Available,Not Available,129.763,0.176,Not Available,129.938,400.161
04/01/1973,125.462,Not Available,125.636,380.47,253.185,1.649,Not Available,Not Available,125.462,0.174,Not Available,125.636,380.47
05/01/1973,129.624,Not Available,129.834,392.141,260.77,1.537,Not Available,Not Available,129.624,0.21,Not Available,129.834,392.141
06/01/1973,125.435,Not Available,125.611,377.232,249.859,1.763,Not Available,Not Available,125.435,0.176,Not Available,125.611,377.232
07/01/1973,129.616,Not Available,129.787,367.325,235.67,1.869,Not Available,Not Available,129.616,0.17,Not Available,129.787,367.325
08/01/1973,129.734,Not Available,129.918,353.757,222.077,1.762,Not Available,Not Available,129.734,0.184,Not Available,129.918,353.757
09/01/1973,125.603,Not Available,125.782,307.006,179.733,1.492,Not Available,Not Available,125.603,0.178,Not Available,125.782,307.006
10/01/1973,129.769,Not Available,129.97,323.453,191.723,1.76,Not Available,Not Available,129.769,0.2,Not Available,129.97,323.453
11/01/1973,125.492,Not Available,125.643,337.817,210.285,1.889,Not Available,Not Available,125.492,0.151,Not Available,125.643,337.817
12/01/1973,129.69,Not Available,129.824,406.694,274.435,2.435,Not Available,Not Available,129.69,0.135,Not Available,129.824,406.694
01/01/1974,130.655,Not Available,130.807,437.467,304.506,2.154,Not Available,Not Available,130.655,0.152,Not Available,130.807,437.467
02/01/1974,117.949,Not Available,118.091,399.942,279.95,1.901,Not Available,Not Available,117.949,0.142,Not Available,118.091,399.942
03/01/1974,130.579,Not Available,130.727,423.474,290.582,2.165,Not Available,Not Available,130.579,0.148,Not Available,130.727,423.474
04/01/1974,126.441,Not Available,126.583,422.323,293.702,2.039,Not Available,Not Available,126.441,0.142,Not Available,126.583,422.323
05/01/1974,130.659,Not Available,130.789,427.657,294.828,2.04,Not Available,Not Available,130.659,0.129,Not Available,130.789,427.657
06/01/1974,126.432,Not Available,126.611,409.281,280.695,1.975,Not Available,Not Available,126.432,0.179,Not Available,126.611,409.281
07/01/1974,130.548,Not Available,130.756,409.719,276.772,2.191,Not Available,Not Available,130.548,0.208,Not Available,130.756,409.719
08/01/1974,130.574,Not Available,130.763,386.101,253.175,2.163,Not Available,Not Available,130.574,0.189,Not Available,130.763,386.101
09/01/1974,126.454,Not Available,126.637,353.91,225.274,1.999,Not Available,Not Available,126.454,0.183,Not Available,126.637,353.91
10/01/1974,130.562,Not Available,130.718,343.703,210.955,2.03,Not Available,Not Available,130.562,0.156,Not Available,130.718,343.703
11/01/1974,126.352,Not Available,126.506,351.633,222.713,2.414,Not Available,Not Available,126.352,0.155,Not Available,126.506,351.633
12/01/1974,130.555,Not Available,130.674,376.642,243.428,2.54,Not Available,Not Available,130.555,0.119,Not Available,130.674,376.642
01/01/1975,127.128,Not Available,127.269,392.756,263.371,2.117,Not Available,Not Available,127.128,0.14,Not Available,127.269,392.756
02/01/1975,114.829,Not Available,114.942,368.278,251.317,2.019,Not Available,Not Available,114.829,0.113,Not Available,114.942,368.278
03/01/1975,127.127,Not Available,127.251,423.49,293.961,2.277,Not Available,Not Available,127.127,0.124,Not Available,127.251,423.49
04/01/1975,123.022,Not Available,123.139,405.368,279.947,2.281,Not Available,Not Available,123.022,0.117,Not Available,123.139,405.368
05/01/1975,127.13,Not Available,127.303,421.283,291.504,2.475,Not Available,Not Available,127.13,0.173,Not Available,127.303,421.283
06/01/1975,123.048,Not Available,123.241,411.622,285.31,3.07,Not Available,Not Available,123.048,0.193,Not Available,123.241,411.622
07/01/1975,127.125,Not Available,127.288,398.459,268.081,3.091,Not Available,Not Available,127.125,0.163,Not Available,127.288,398.459
08/01/1975,127.136,Not Available,127.321,368.23,237.557,3.351,Not Available,Not Available,127.136,0.185,Not Available,127.321,368.23
09/01/1975,123.052,Not Available,123.21,341.957,215.793,2.954,Not Available,Not Available,123.052,0.158,Not Available,123.21,341.957
10/01/1975,127.151,Not Available,127.312,368.786,238.068,3.406,Not Available,Not Available,127.151,0.161,Not Available,127.312,368.786
11/01/1975,123.039,Not Available,123.18,383.196,256.706,3.31,Not Available,Not Available,123.039,0.141,Not Available,123.18,383.196
12/01/1975,127.138,Not Available,127.277,403.696,272.99,3.429,Not Available,Not Available,127.138,0.138,Not Available,127.277,403.696
01/01/1976,144.91,Not Available,145.049,421.775,273.323,3.403,Not Available,Not Available,144.91,0.14,Not Available,145.049,421.775
02/01/1976,135.559,Not Available,135.695,396.173,257.277,3.2,Not Available,Not Available,135.559,0.136,Not Available,135.695,396.173
03/01/1976,144.914,Not Available,145.051,427.044,278.567,3.426,Not Available,Not Available,144.914,0.137,Not Available,145.051,427.044
04/01/1976,140.237,Not Available,140.363,396.931,253.482,3.086,Not Available,Not Available,140.237,0.126,Not Available,140.363,396.931
05/01/1976,144.913,Not Available,145.047,415.728,267.732,2.949,Not Available,Not Available,144.913,0.134,Not Available,145.047,415.728
06/01/1976,140.244,Not Available,140.405,411.555,268.088,3.063,Not Available,Not Available,140.244,0.161,Not Available,140.405,411.555
07/01/1976,144.898,Not Available,145.088,421.425,273.026,3.311,Not Available,Not Available,144.898,0.19,Not Available,145.088,421.425
08/01/1976,144.918,Not Available,145.11,398.129,249.759,3.26,Not Available,Not Available,144.918,0.192,Not Available,145.11,398.129
09/01/1976,140.271,Not Available,140.436,356.984,213.376,3.173,Not Available,Not Available,140.271,0.165,Not Available,140.436,356.984
10/01/1976,144.94,Not Available,145.114,369.186,220.99,3.082,Not Available,Not Available,144.94,0.174,Not Available,145.114,369.186
11/01/1976,140.481,Not Available,140.651,351.386,208.138,2.597,Not Available,Not Available,140.481,0.171,Not Available,140.651,351.386
12/01/1976,145.201,Not Available,145.364,360.834,212.507,2.963,Not Available,Not Available,145.201,0.163,Not Available,145.364,360.834
01/01/1977,156.074,Not Available,156.22,378.521,219.069,3.232,Not Available,Not Available,156.074,0.146,Not Available,156.22,378.521
02/01/1977,141.046,Not Available,141.176,304.328,160.329,2.823,Not Available,Not Available,141.046,0.13,Not Available,141.176,304.328
03/01/1977,156.072,Not Available,156.217,368.966,209.549,3.2,Not Available,Not Available,156.072,0.146,Not Available,156.217,368.966
04/01/1977,151.013,Not Available,151.161,351.301,197.287,2.854,Not Available,Not Available,151.013,0.148,Not Available,151.161,351.301
05/01/1977,156.032,Not Available,156.186,356.923,197.656,3.081,Not Available,Not Available,156.032,0.155,Not Available,156.186,356.923
06/01/1977,150.997,Not Available,151.153,336.485,182.303,3.029,Not Available,Not Available,150.997,0.156,Not Available,151.153,336.485
07/01/1977,155.742,Not Available,155.92,336.903,177.779,3.204,Not Available,Not Available,155.742,0.178,Not Available,155.92,336.903
08/01/1977,155.909,Not Available,156.081,335.881,176.863,2.937,Not Available,Not Available,155.909,0.172,Not Available,156.081,335.881
09/01/1977,150.938,Not Available,151.11,328.075,173.821,3.144,Not Available,Not Available,150.938,0.172,Not Available,151.11,328.075
10/01/1977,155.998,Not Available,156.172,341.368,181.908,3.288,Not Available,Not Available,155.998,0.174,Not Available,156.172,341.368
11/01/1977,150.888,Not Available,151,370.168,215.864,3.303,Not Available,Not Available,150.888,0.112,Not Available,151,370.168
12/01/1977,155.816,Not Available,155.935,400.048,240.826,3.288,Not Available,Not Available,155.816,0.119,Not Available,155.935,400.048
01/01/1978,173.005,Not Available,173.128,438.983,262.529,3.326,Not Available,Not Available,173.005,0.123,Not Available,173.128,438.983
02/01/1978,156.277,Not Available,156.387,391.866,232.625,2.854,Not Available,Not Available,156.277,0.11,Not Available,156.387,391.866
03/01/1978,173.026,Not Available,173.136,433.459,257.965,2.359,Not Available,Not Available,173.026,0.11,Not Available,173.136,433.459
04/01/1978,167.244,Not Available,167.349,434.379,265.041,1.989,Not Available,Not Available,167.244,0.105,Not Available,167.349,434.379
05/01/1978,172.806,Not Available,172.923,475.883,301.188,1.772,Not Available,Not Available,172.806,0.117,Not Available,172.923,475.883
06/01/1978,167.239,Not Available,167.34,432.628,263.109,2.179,Not Available,Not Available,167.239,0.101,Not Available,167.34,432.628
07/01/1978,172.825,Not Available,172.912,431.461,256.107,2.441,Not Available,Not Available,172.825,0.087,Not Available,172.912,431.461
08/01/1978,173.009,Not Available,173.189,408.417,232.357,2.871,Not Available,Not Available,173.009,0.18,Not Available,173.189,408.417
09/01/1978,167.32,Not Available,167.455,392.287,221.801,3.031,Not Available,Not Available,167.32,0.134,Not Available,167.455,392.287
10/01/1978,173.027,Not Available,173.169,379.436,204.012,2.254,Not Available,Not Available,173.027,0.142,Not Available,173.169,379.436
11/01/1978,167.438,Not Available,167.557,379.078,208.974,2.547,Not Available,Not Available,167.438,0.12,Not Available,167.557,379.078
12/01/1978,172.935,Not Available,173.06,407.564,231.275,3.228,Not Available,Not Available,172.935,0.126,Not Available,173.06,407.564
01/01/1979,182.453,Not Available,182.6,447.796,262.096,3.099,Not Available,Not Available,182.453,0.147,Not Available,182.6,447.796
02/01/1979,164.927,Not Available,165.096,390.487,222.855,2.535,Not Available,Not Available,164.927,0.169,Not Available,165.096,390.487
03/01/1979,182.64,Not Available,182.881,457.799,271.516,3.402,Not Available,Not Available,182.64,0.241,Not Available,182.881,457.799
04/01/1979,176.707,Not Available,176.844,445.932,265.941,3.146,Not Available,Not Available,176.707,0.138,Not Available,176.844,445.932
05/01/1979,182.561,Not Available,182.782,489.08,303.134,3.164,Not Available,Not Available,182.561,0.221,Not Available,182.782,489.08
06/01/1979,176.662,Not Available,176.833,441.683,261.646,3.204,Not Available,Not Available,176.662,0.17,Not Available,176.833,441.683
07/01/1979,182.536,Not Available,182.7,424.513,238.414,3.398,Not Available,Not Available,182.536,0.165,Not Available,182.7,424.513
08/01/1979,182.638,Not Available,182.808,409.21,222.695,3.707,Not Available,Not Available,182.638,0.17,Not Available,182.808,409.21
09/01/1979,176.766,Not Available,176.891,378.903,198.794,3.217,Not Available,Not Available,176.766,0.125,Not Available,176.891,378.903
10/01/1979,182.63,Not Available,182.752,397.602,211.243,3.607,Not Available,Not Available,182.63,0.121,Not Available,182.752,397.602
11/01/1979,176.767,Not Available,176.949,414.74,234.286,3.505,Not Available,Not Available,176.767,0.182,Not Available,176.949,414.74
12/01/1979,182.568,Not Available,182.77,425.109,238.063,4.275,Not Available,Not Available,182.568,0.202,Not Available,182.77,425.109
01/01/1980,209.613,Not Available,209.829,478.943,265.618,3.495,Not Available,Not Available,209.613,0.216,Not Available,209.829,478.943
02/01/1980,196.117,Not Available,196.31,424.298,224.631,3.357,Not Available,Not Available,196.117,0.193,Not Available,196.31,424.298
03/01/1980,209.598,Not Available,209.727,469.134,255.676,3.731,Not Available,Not Available,209.598,0.129,Not Available,209.727,469.134
04/01/1980,202.768,Not Available,202.894,477.356,270.552,3.909,Not Available,Not Available,202.768,0.127,Not Available,202.894,477.356
05/01/1980,209.394,Not Available,209.548,517.456,303.305,4.603,Not Available,Not Available,209.394,0.154,Not Available,209.548,517.456
06/01/1980,202.609,Not Available,202.723,497.768,290.604,4.441,Not Available,Not Available,202.609,0.114,Not Available,202.723,497.768
07/01/1980,209.449,Not Available,209.554,471.331,257.106,4.67,Not Available,Not Available,209.449,0.106,Not Available,209.554,471.331
08/01/1980,209.544,Not Available,209.675,429.358,214.693,4.991,Not Available,Not Available,209.544,0.131,Not Available,209.675,429.358
09/01/1980,202.79,Not Available,202.905,401.712,194.301,4.506,Not Available,Not Available,202.79,0.115,Not Available,202.905,401.712
10/01/1980,209.602,Not Available,209.717,402.564,187.73,5.117,Not Available,Not Available,209.602,0.115,Not Available,209.717,402.564
11/01/1980,202.831,Not Available,202.945,409.876,201.929,5.002,Not Available,Not Available,202.831,0.114,Not Available,202.945,409.876
12/01/1980,209.546,Not Available,209.671,448.546,233.998,4.877,Not Available,Not Available,209.546,0.125,Not Available,209.671,448.546
01/01/1981,211.988,1.08,220.544,462.381,236.553,5.284,Not Available,Not Available,211.988,7.476,1.08,220.544,462.381
02/01/1981,191.528,0.976,199.248,427.043,223.123,4.671,Not Available,Not Available,191.528,6.744,0.976,199.248,427.043
03/01/1981,212.042,1.08,220.595,443.808,217.976,5.237,Not Available,Not Available,212.042,7.472,1.08,220.595,443.808
04/01/1981,205.195,1.045,213.467,438.02,219.717,4.836,Not Available,Not Available,205.195,7.226,1.045,213.467,438.02
05/01/1981,211.883,1.08,220.433,480.423,255.2,4.791,Not Available,Not Available,211.883,7.469,1.08,220.433,480.423
06/01/1981,204.976,1.045,213.237,496.995,278.976,4.782,Not Available,Not Available,204.976,7.216,1.045,213.237,496.995
07/01/1981,211.838,1.08,220.392,491.304,265.656,5.256,Not Available,Not Available,211.838,7.473,1.08,220.392,491.304
08/01/1981,211.846,1.08,220.428,454.028,228.409,5.191,Not Available,Not Available,211.846,7.501,1.08,220.428,454.028
09/01/1981,205.148,1.045,213.48,407.22,188.516,5.224,Not Available,Not Available,205.148,7.287,1.045,213.48,407.22
10/01/1981,212.004,1.08,220.581,416.966,191.231,5.153,Not Available,Not Available,212.004,7.497,1.08,220.581,416.966
11/01/1981,205.166,1.045,213.437,418.476,200.541,4.498,Not Available,Not Available,205.166,7.226,1.045,213.437,418.476
12/01/1981,211.948,1.08,220.44,477.024,252.071,4.513,Not Available,Not Available,211.948,7.412,1.08,220.44,477.024
01/01/1982,213.205,2.922,226.251,514.44,284.215,3.975,Not Available,Not Available,213.205,10.124,2.922,226.251,514.44
02/01/1982,192.598,2.639,204.375,489.624,281.593,3.656,Not Available,Not Available,192.598,9.137,2.639,204.375,489.624
03/01/1982,213.132,2.922,226.157,544.724,315.347,3.22,Not Available,Not Available,213.132,10.103,2.922,226.157,544.724
04/01/1982,206.24,2.828,218.821,517.128,295.061,3.247,Not Available,Not Available,206.24,9.753,2.828,218.821,517.128
05/01/1982,213.101,2.922,226.135,525.795,295.887,3.773,Not Available,Not Available,213.101,10.112,2.922,226.135,525.795
06/01/1982,206.255,2.828,218.866,518.974,295.552,4.556,Not Available,Not Available,206.255,9.784,2.828,218.866,518.974
07/01/1982,213.146,2.922,226.202,519.267,288.273,4.792,Not Available,Not Available,213.146,10.135,2.922,226.202,519.267
08/01/1982,213.158,2.922,226.168,483.203,252.259,4.776,Not Available,Not Available,213.158,10.087,2.922,226.168,483.203
09/01/1982,206.364,2.828,218.947,433.748,210.219,4.581,Not Available,Not Available,206.364,9.755,2.828,218.947,433.748
10/01/1982,213.332,2.922,226.373,439.874,208.623,4.877,Not Available,Not Available,213.332,10.119,2.922,226.373,439.874
11/01/1982,206.347,2.828,218.948,469.93,245.861,5.122,Not Available,Not Available,206.347,9.772,2.828,218.948,469.93
12/01/1982,213.17,2.922,226.21,522.93,292.668,4.053,Not Available,Not Available,213.17,10.118,2.922,226.21,522.93
01/01/1983,227.926,5.363,246.575,562.279,310.615,5.087,Not Available,0.002,227.926,13.286,5.363,246.575,562.279
02/01/1983,205.87,4.844,222.738,523.276,296.625,3.913,Not Available,0,205.87,12.023,4.844,222.738,523.276
03/01/1983,227.938,5.363,246.61,572.853,321.73,4.51,Not Available,0.003,227.938,13.309,5.363,246.61,572.853
04/01/1983,220.561,5.19,238.625,561.458,318.603,4.227,Not Available,0.002,220.561,12.875,5.19,238.625,561.458
05/01/1983,227.897,5.363,246.647,581.741,331.656,3.434,Not Available,0.003,227.897,13.387,5.363,246.647,581.741
06/01/1983,220.582,5.19,238.736,569.493,326.237,4.518,Not Available,0.002,220.582,12.964,5.19,238.736,569.493
07/01/1983,227.933,5.363,246.651,550.993,298.715,5.627,Not Available,0.001,227.933,13.354,5.363,246.651,550.993
08/01/1983,227.978,5.363,246.695,528.288,274.189,7.404,Not Available,0,227.978,13.354,5.363,246.695,528.288
09/01/1983,220.641,5.19,238.755,476.173,230.65,6.764,Not Available,0.004,220.641,12.924,5.19,238.755,476.173
10/01/1983,228.031,5.363,246.732,474.251,220.423,7.091,Not Available,0.005,228.031,13.338,5.363,246.732,474.251
11/01/1983,220.719,5.19,238.78,507.035,261.94,6.311,Not Available,0.004,220.719,12.872,5.19,238.78,507.035
12/01/1983,228.194,5.363,246.871,587.773,335.876,5.025,Not Available,0.001,228.194,13.314,5.363,246.871,587.773
01/01/1984,227.551,6.547,251.483,570.081,313.504,5.094,-0.001,0,227.551,17.385,6.547,251.483,570.081
02/01/1984,212.673,6.125,235.169,535.239,293.845,6.222,0.001,0.002,212.673,16.371,6.125,235.169,535.239
03/01/1984,227.378,6.547,251.529,579.04,320.67,6.838,0.002,0.002,227.378,17.603,6.547,251.529,579.04
04/01/1984,219.904,6.336,243.277,566.019,315.985,6.748,0.003,0.006,219.904,17.037,6.336,243.277,566.019
05/01/1984,227.242,6.547,251.408,593.504,335.607,6.473,0.007,0.008,227.242,17.619,6.547,251.408,593.504
06/01/1984,219.914,6.336,243.303,553.321,303.719,6.283,0.01,0.006,219.914,17.053,6.336,243.303,553.321
07/01/1984,227.458,6.547,251.632,547.618,289.982,5.997,0.003,0.005,227.458,17.627,6.547,251.632,547.618
08/01/1984,227.481,6.547,251.638,524.053,264.894,7.509,0.009,0.003,227.481,17.61,6.547,251.638,524.053
09/01/1984,220.21,6.336,243.596,470.91,220.536,6.763,0.01,0.005,220.21,17.049,6.336,243.596,470.91
10/01/1984,227.64,6.547,251.974,479.62,220.205,7.424,0.007,0.009,227.64,17.786,6.547,251.974,479.62
11/01/1984,220.555,6.336,244.068,486.11,234.699,7.331,0.004,0.009,220.555,17.177,6.336,244.068,486.11
12/01/1984,227.811,6.547,252.042,532.347,272.166,8.127,0,0.013,227.811,17.684,6.547,252.042,532.347
01/01/1985,228.394,7.911,256.315,555.205,290.793,8.086,0.005,0.007,228.394,20.009,7.911,256.315,555.205
02/01/1985,206.294,7.146,231.512,511.838,273.175,7.141,-0.001,0.011,206.294,18.072,7.146,231.512,511.838
03/01/1985,228.374,7.911,256.336,525.002,260.344,8.314,0.001,0.007,228.374,20.05,7.911,256.336,525.002
04/01/1985,220.463,7.656,247.599,512.937,258.039,7.281,0.013,0.006,220.463,19.48,7.656,247.599,512.937
05/01/1985,227.858,7.911,255.881,542.968,279.498,7.571,0.015,0.004,227.858,20.111,7.911,255.881,542.968
06/01/1985,220.471,7.656,247.643,507.33,252.373,7.294,0.016,0.004,220.471,19.517,7.656,247.643,507.33
07/01/1985,228.091,7.911,256.159,489.577,225.387,8.019,0.011,0.001,228.091,20.156,7.911,256.159,489.577
08/01/1985,228.276,7.911,256.301,475.912,211.206,8.381,0.021,0.004,228.276,20.113,7.911,256.301,475.912
09/01/1985,221.006,7.656,247.997,454.274,198.288,7.966,0.014,0.009,221.006,19.334,7.656,247.997,454.274
10/01/1985,228.287,7.911,256.175,475.406,211.589,7.626,0.01,0.005,228.287,19.977,7.911,256.175,475.406
11/01/1985,220.962,7.656,248.07,499.606,242.115,9.416,0.003,0.002,220.962,19.452,7.656,248.07,499.606
12/01/1985,228.29,7.911,256.246,533.96,267.386,10.325,0.002,0.001,228.29,20.044,7.911,256.246,533.96
01/01/1986,217.84,9.096,249.178,486.064,226.352,10.526,0.007,0.002,217.84,22.242,9.096,249.178,486.064
02/01/1986,196.536,8.216,224.922,479.122,245.152,9.04,0.006,0.002,196.536,20.171,8.216,224.922,479.122
03/01/1986,217.379,9.096,248.837,558.538,300.28,9.403,0.011,0.007,217.379,22.362,9.096,248.837,558.538
04/01/1986,210.372,8.803,240.788,539.897,290.609,8.479,0.014,0.006,210.372,21.613,8.803,240.788,539.897
05/01/1986,217.424,9.096,248.822,545.072,287.656,8.568,0.019,0.008,217.424,22.302,9.096,248.822,545.072
06/01/1986,210.444,8.803,240.837,527.412,277.26,9.295,0.015,0.005,210.444,21.591,8.803,240.837,527.412
07/01/1986,217.598,9.096,249.011,513.292,254.396,9.862,0.017,0.005,217.598,22.317,9.096,249.011,513.292
08/01/1986,217.76,9.096,249.176,482.847,223.81,9.839,0.017,0.005,217.76,22.32,9.096,249.176,482.847
09/01/1986,210.699,8.803,241.074,472.114,222.779,8.245,0.015,0.001,210.699,21.572,8.803,241.074,472.114
10/01/1986,217.574,9.096,248.974,482.113,225.018,8.105,0.013,0.002,217.574,22.304,9.096,248.974,482.113
11/01/1986,210.647,8.803,241.122,492.321,244.175,7.015,0.009,0,210.647,21.673,8.803,241.122,492.321
12/01/1986,217.863,9.096,249.352,532.346,273.692,9.299,0.003,0,217.863,22.393,9.096,249.352,532.346
01/01/1987,209.176,10.423,244.137,521.265,267.809,9.317,0.001,0.001,209.176,24.537,10.423,244.137,521.265
02/01/1987,188.924,9.415,220.511,452.878,223.722,8.64,0.006,0,188.924,22.172,9.415,220.511,452.878
03/01/1987,209.117,10.423,244.157,498.782,245.143,9.473,0.009,0,209.117,24.616,10.423,244.157,498.782
04/01/1987,202.254,10.087,236.139,477.656,232.573,8.929,0.013,0.002,202.254,23.798,10.087,236.139,477.656
05/01/1987,208.99,10.423,244.007,509.032,255.627,9.382,0.013,0.003,208.99,24.593,10.423,244.007,509.032
06/01/1987,202.596,10.087,236.522,466.873,220.689,9.635,0.017,0.01,202.596,23.839,10.087,236.522,466.873
07/01/1987,209.335,10.423,244.359,467.691,213.34,9.961,0.019,0.013,209.335,24.601,10.423,244.359,467.691
08/01/1987,209.365,10.423,244.396,448.986,194.652,9.923,0.012,0.002,209.365,24.608,10.423,244.396,448.986
09/01/1987,202.52,10.087,236.298,437.201,191.635,9.257,0.008,0.002,202.52,23.691,10.087,236.298,437.201
10/01/1987,209.112,10.423,244.059,442.655,189.215,9.375,0.006,0.001,209.112,24.523,10.423,244.059,442.655
11/01/1987,202.462,10.087,236.197,423.208,177.943,9.064,0.003,0.001,202.462,23.648,10.087,236.197,423.208
12/01/1987,209.308,10.423,244.104,475.58,222.161,9.312,0.002,0.002,209.308,24.373,10.423,244.104,475.58
01/01/1988,218.368,10.508,255.331,495.132,230.477,9.312,0.005,0.007,218.368,26.455,10.508,255.331,495.132
02/01/1988,204.246,9.83,238.853,446.663,199.789,8.013,0.008,0,204.246,24.778,9.83,238.853,446.663
03/01/1988,218.351,10.508,255.385,469.098,204.359,9.341,0.013,0,218.351,26.526,10.508,255.385,469.098
04/01/1988,211.122,10.169,247.241,455.993,200.293,8.454,0.005,0,211.122,25.95,10.169,247.241,455.993
05/01/1988,217.825,10.508,255.188,486.212,222.701,8.31,0.013,0,217.825,26.855,10.508,255.188,486.212
06/01/1988,211.242,10.169,247.34,453.891,197.723,8.815,0.014,0,211.242,25.929,10.169,247.34,453.891
07/01/1988,218.272,10.508,255.582,442.602,177.42,9.589,0.012,0,218.272,26.802,10.508,255.582,442.602
08/01/1988,218.415,10.508,255.815,437.214,172.238,9.149,0.012,0,218.415,26.893,10.508,255.815,437.214
09/01/1988,211.218,10.169,247.357,426.312,170.174,8.772,0.01,0,211.218,25.97,10.169,247.357,426.312
10/01/1988,218.198,10.508,255.517,422.602,158.144,8.939,0.001,0,218.198,26.811,10.508,255.517,422.602
11/01/1988,211.191,10.169,247.096,448.903,192.932,8.874,0.001,0,211.191,25.737,10.169,247.096,448.903
12/01/1988,218.215,10.508,255.345,472.132,208.016,8.77,0.001,0.001,218.215,26.623,10.508,255.345,472.132
01/01/1989,231.17,10.649,266.572,509.147,224.04,14.134,2.882,1.521,231.17,24.753,10.649,266.572,509.147
02/01/1989,211.272,9.618,243.927,461.435,199.31,12.761,3.105,2.331,211.272,23.037,9.618,243.927,461.435
03/01/1989,236.6,10.649,268.315,532.715,242.358,15.001,4.371,2.671,236.6,21.067,10.649,268.315,532.715
04/01/1989,218.29,10.305,251.946,530.097,257.728,13.095,4.845,2.484,218.29,23.351,10.305,251.946,530.097
05/01/1989,200.711,10.649,241.235,562.701,300.24,13.857,5.239,2.131,200.711,29.876,10.649,241.235,562.701
06/01/1989,208.439,10.305,248.447,546.136,277.046,13.664,5.348,1.631,208.439,29.704,10.305,248.447,546.136
07/01/1989,217.404,10.649,261.318,525.098,242.678,13.872,5.748,1.482,217.404,33.265,10.649,261.318,525.098
08/01/1989,234.088,10.649,276.985,513.154,216.086,13.414,5.595,1.075,234.088,32.249,10.649,276.985,513.154
09/01/1989,220.479,10.305,264.811,487.949,202.515,12.52,5.181,2.923,220.479,34.027,10.305,264.811,487.949
10/01/1989,230.492,10.649,276.462,511.06,214.892,13.157,4.717,1.832,230.492,35.321,10.649,276.462,511.06
11/01/1989,231.613,10.305,276.819,521.324,226.777,12.562,3.885,1.281,231.613,34.901,10.305,276.819,521.324
12/01/1989,239.066,10.649,282.52,533.841,233.595,13.504,3.551,0.671,239.066,32.806,10.649,282.52,533.841
01/01/1990,193.411,9.416,236.692,511.272,253.277,15.036,3.133,3.134,193.411,33.865,9.416,236.692,511.272
02/01/1990,186.722,8.505,226.266,508.361,262.555,13.739,3.396,2.405,186.722,31.039,8.505,226.266,508.361
03/01/1990,199.565,9.416,244.248,567.935,301.333,15.116,4.686,2.551,199.565,35.267,9.416,244.248,567.935
04/01/1990,190.159,9.112,232.64,530.43,276.175,12.08,5.161,4.373,190.159,33.369,9.112,232.64,530.43
05/01/1990,166.803,9.416,210.108,525.673,291.917,14.14,5.865,3.644,166.803,33.889,9.416,210.108,525.673
06/01/1990,134.939,9.112,178.544,503.363,300.121,14.647,5.823,4.227,134.939,34.493,9.112,178.544,503.363
07/01/1990,176.618,9.416,219.713,499.495,257.581,14.779,6.183,1.239,176.618,33.679,9.416,219.713,499.495
08/01/1990,201.445,9.416,245.632,497.455,230.354,14.592,6.147,0.729,201.445,34.771,9.416,245.632,497.455
09/01/1990,196.099,9.112,239.932,447.349,187.254,13.746,5.469,0.947,196.099,34.72,9.112,239.932,447.349
10/01/1990,190.414,9.416,235.437,460.199,203.213,14.398,5.038,2.114,190.414,35.607,9.416,235.437,460.199
11/01/1990,177.629,9.112,220.256,459.565,219.084,13.805,4.015,2.405,177.629,33.515,9.112,220.256,459.565
12/01/1990,202.362,9.416,245.644,528.927,263.525,14.668,3.851,1.239,202.362,33.866,9.416,245.644,528.927
01/01/1991,221.773,10.871,269.531,569.477,280.572,15.446,3.28,0.648,221.773,36.887,10.871,269.531,569.477
02/01/1991,161.586,9.819,204.535,465.116,240.524,13.497,3.535,3.026,161.586,33.129,9.819,204.535,465.116
03/01/1991,165.815,10.871,214.374,519.109,282.566,15.382,4.626,2.161,165.815,37.688,10.871,214.374,519.109
04/01/1991,142.348,10.521,190.452,492.912,281.008,13.871,5.096,2.485,142.348,37.583,10.521,190.452,492.912
05/01/1991,156.299,10.871,206.579,540.589,309.826,14.196,6.206,3.782,156.299,39.409,10.871,206.579,540.589
06/01/1991,161.835,10.521,209.721,513.638,280.947,15.048,6.301,1.621,161.835,37.366,10.521,209.721,513.638
07/01/1991,163.21,10.871,210.055,499.535,266.05,15.07,6.739,1.621,163.21,35.974,10.871,210.055,499.535
08/01/1991,201.887,10.871,250.834,512.229,237.525,14.928,6.565,2.377,201.887,38.076,10.871,250.834,512.229
09/01/1991,220.843,10.521,267.735,491.722,201.861,14.03,5.935,2.161,220.843,36.371,10.521,267.735,491.722
10/01/1991,204.17,10.871,249.408,467.135,193.296,14.793,5.208,4.43,204.17,34.366,10.871,249.408,467.135
11/01/1991,194.094,10.521,241.541,467.743,202.13,15.411,4.23,4.43,194.094,36.927,10.521,241.541,467.743
12/01/1991,220.221,10.871,267.033,528.581,239.639,15.954,3.902,2.053,220.221,35.94,10.871,267.033,528.581
01/01/1992,225.223,12.282,279.197,535.605,235.95,15.635,3.273,1.551,225.223,41.692,12.282,279.197,535.605
02/01/1992,179.107,11.489,230.468,449.194,196.021,13.827,3.545,5.333,179.107,39.871,11.489,230.468,449.194
03/01/1992,169.584,12.282,221.177,482.783,237.66,15.679,4.873,3.393,169.584,39.312,12.282,221.177,482.783
04/01/1992,162.501,11.886,210.172,445.954,212.719,14.254,5.512,3.297,162.501,35.785,11.886,210.172,445.954
05/01/1992,136.512,12.282,190.537,455.238,242.426,15.069,6.236,0.97,136.512,41.743,12.282,190.537,455.238
06/01/1992,178.938,11.886,230.985,497.881,244.966,14.876,6.278,0.776,178.938,40.161,11.886,230.985,497.881
07/01/1992,196.218,12.282,250.15,486.977,214.207,15.109,6.735,0.776,196.218,41.651,12.282,250.15,486.977
08/01/1992,216.248,12.282,269.662,491.44,198.457,15.214,6.653,1.454,216.248,41.132,12.282,269.662,491.44
09/01/1992,199.5,11.886,251.511,458.262,183.3,14.18,5.975,3.297,199.5,40.125,11.886,251.511,458.262
10/01/1992,219.054,12.282,269.545,472.679,180.27,14.943,5.4,2.521,219.054,38.209,12.282,269.545,472.679
11/01/1992,220.592,11.886,264.383,498.631,212.065,14.869,4.404,2.909,220.592,31.905,11.886,264.383,498.631
12/01/1992,209.993,12.282,263.891,545.912,259.394,15.043,3.996,3.587,209.993,41.616,12.282,263.891,545.912
01/01/1993,212.917,14.701,274.257,564.643,268.521,15.945,3.37,2.55,212.917,46.639,13.931,273.487,563.873
02/01/1993,190.799,12.587,240.964,477.337,216.725,15.426,3.712,0.51,190.799,37.578,12.979,241.356,477.729
03/01/1993,202.466,14.83,263.204,543.313,253.399,16.137,5.218,5.356,202.466,45.908,15.052,263.426,543.535
04/01/1993,176.447,14.208,226.859,527.476,274.886,15.99,5.916,3.826,176.447,36.205,13.434,226.086,526.703
05/01/1993,141.057,14.454,196.012,537.102,316.469,14.37,6.426,3.826,141.057,40.502,13.452,195.01,536.1
06/01/1993,142.881,13.992,197.445,506.688,287.581,14.436,6.333,0.893,142.881,40.571,13.51,196.963,506.206
07/01/1993,159.077,13.875,212.707,491.684,254.885,15.78,6.909,1.403,159.077,39.755,13.684,212.516,491.493
08/01/1993,215.249,12.088,262.322,502.29,216.292,16.007,6.904,0.765,215.249,34.984,11.273,261.507,501.475
09/01/1993,197.49,13.21,250.551,461.7,188.068,15.439,6.238,1.403,197.49,39.852,13.744,251.085,462.234
10/01/1993,203.03,14.46,257.383,468.76,187.59,15.349,5.504,2.933,203.03,39.893,14.617,257.54,468.916
11/01/1993,209.594,14.96,262.183,482.149,195.571,15.174,4.504,4.718,209.594,37.629,16.607,263.83,483.797
12/01/1993,208.767,15.97,264.559,518.766,231.625,15.621,4.156,2.805,208.767,39.822,16.778,265.367,519.574
01/01/1994,252.903,16.599,306.708,546.055,220.026,15.695,3.626,0,252.903,37.205,17.536,307.644,546.991
02/01/1994,194.065,13.272,244.594,474.597,210.85,14.267,3.849,1.036,194.065,37.257,13.875,245.198,475.2
03/01/1994,202.598,15.795,261.461,530.492,243.412,14.471,5.508,5.639,202.598,43.069,16.083,261.749,530.779
04/01/1994,183.168,13.315,236.035,515.824,254.767,14.76,6.003,4.258,183.168,39.552,13.977,236.697,516.487
05/01/1994,141.247,15.12,202.48,494.547,267.13,14.543,6.596,3.798,141.247,46.113,14.957,202.317,494.384
06/01/1994,156.533,14.26,215.744,497.431,258.029,13.144,6.718,3.798,156.533,44.95,13.657,215.14,496.828
07/01/1994,216.33,14.635,274.451,538.297,241.004,13.897,6.988,1.956,216.33,43.487,14.302,274.118,537.964
08/01/1994,193.374,15.187,251.577,484.333,209.396,15.199,6.78,1.381,193.374,43.016,15.43,251.82,484.576
09/01/1994,180.928,17.765,238.967,433.624,171.008,14.102,6.325,3.222,180.928,40.274,14.752,235.954,430.61
10/01/1994,209.489,16.114,271.599,476.301,180.671,14.475,5.873,3.683,209.489,45.995,17.616,273.101,477.802
11/01/1994,198.716,17.753,261.436,482.931,197.506,14.295,4.631,5.064,198.716,44.967,17.406,261.089,482.584
12/01/1994,194.468,18.576,262.482,512.711,229.658,14.616,4.229,1.726,194.468,49.439,18.801,262.708,512.936
01/01/1995,181.661,18.455,243.462,516.505,256.445,13.067,3.473,0.059,181.661,43.345,17.366,242.373,515.416
02/01/1995,151.839,16.773,206.657,478.622,258.244,9.702,3.778,0.241,151.839,38.045,15.809,205.693,477.658
03/01/1995,181.966,18.162,239.82,550.407,294.609,10.67,5.26,0.047,181.966,39.692,18.363,240.022,550.608
04/01/1995,202.143,17.599,267.571,536.526,253.408,9.352,6.125,0.071,202.143,47.829,17.318,267.29,536.245
05/01/1995,174.718,17.171,227.439,533.621,286.483,8.606,6.879,4.214,174.718,35.551,15.558,225.827,532.008
06/01/1995,164.965,16.388,226.934,560.146,311.683,9.317,7.073,5.14,164.965,45.581,17.411,227.957,561.169
07/01/1995,234.038,15.354,294.251,601.277,283.275,10.066,7.293,6.392,234.038,44.859,14.341,293.238,600.264
08/01/1995,240.237,14.663,301.628,582.282,251.378,16.447,7.201,5.628,240.237,46.729,12.71,299.676,580.33
09/01/1995,208.217,15.073,268.791,499.493,206.52,11.83,6.445,5.907,208.217,45.502,15.114,268.833,499.535
10/01/1995,227.438,15.905,292.175,558.496,238.738,19.182,5.754,2.646,227.438,48.833,18.294,294.565,560.886
11/01/1995,203.6,14.993,267.659,554.287,263.386,17.276,4.675,1.291,203.6,49.066,19.828,272.494,559.122
12/01/1995,199.049,17.201,262.694,585.644,301.139,16.542,4.276,0.994,199.049,46.444,17.684,263.176,586.126
01/01/1996,215.337,16.092,272.584,606.652,317.658,11.3,3.588,1.523,215.337,41.154,17.095,273.586,607.654
02/01/1996,169.485,12.825,226.038,571.304,328.772,11.418,3.92,1.156,169.485,43.729,14.424,227.637,572.903
03/01/1996,196.558,14.13,259.039,627.925,350.334,10.872,5.741,1.939,196.558,48.352,14.816,259.726,628.612
04/01/1996,149.671,12.051,205.729,556.068,329.254,12.137,6.421,2.527,149.671,44.007,12.103,205.781,556.12
05/01/1996,176.787,9.009,231.211,594.906,343.915,8.603,7.126,4.05,176.787,45.415,9.88,232.082,595.776
06/01/1996,197.279,6.717,254.182,607.617,330.103,12.207,7.241,3.885,197.279,50.186,7.258,254.723,608.158
07/01/1996,221.032,7.528,281.656,610.096,298.56,17,7.346,5.533,221.032,53.096,7.434,281.563,610.002
08/01/1996,241.559,9.052,294.581,594.878,271.592,17.542,6.871,4.291,241.559,43.97,9.132,294.661,594.957
09/01/1996,201.147,9.753,259.345,513.259,228.911,15.298,6.07,3.634,201.147,48.445,9.056,258.648,512.561
10/01/1996,241.017,14.983,310.461,568.744,233.632,16.305,5.73,2.616,241.017,54.461,13.457,308.935,567.218
11/01/1996,230.3,14.166,295.562,561.307,243.572,16.486,4.666,1.021,230.3,51.096,14.073,295.468,561.213
12/01/1996,196.854,14.977,264.912,598.134,313.353,14.191,4.412,1.265,196.854,53.08,14.061,263.996,597.218
01/01/1997,219.532,14.553,275.641,629.798,336.616,12.781,3.53,1.23,219.532,41.556,13.881,274.968,629.125
02/01/1997,169.842,13.867,226.521,563.285,321.859,9.767,4.025,1.112,169.842,42.813,14.02,226.674,563.437
03/01/1997,191.206,15.957,251.136,628.987,357.387,13.424,5.524,1.517,191.206,43.974,15.683,250.862,628.713
04/01/1997,189.865,14.195,252.01,603.776,327.586,14.657,6.215,3.309,189.865,47.949,14.063,251.878,603.645
05/01/1997,200.871,18.01,268.515,642.247,349.12,14.331,6.702,3.579,200.871,49.635,15.981,266.486,640.218
06/01/1997,172.743,13.393,231.69,607.803,351.899,11.918,7.016,5.281,172.743,45.553,12.665,230.961,607.075
07/01/1997,195.848,16.795,259.985,611.214,323.304,15.455,7.267,5.203,195.848,47.342,16.639,259.829,611.058
08/01/1997,204.296,12.415,264.422,566.984,274.788,15.283,7.074,5.416,204.296,47.711,12.495,264.502,567.063
09/01/1997,193.213,15.398,250.744,513.212,238.97,14.604,6.236,2.657,193.213,42.133,14.652,249.998,512.467
10/01/1997,239.624,17.797,305.656,581.272,252.613,14.497,5.702,2.804,239.624,48.235,18.834,306.693,582.309
11/01/1997,203.767,14.924,264.591,526.466,242.156,14.404,4.572,0.742,203.767,45.9,15.167,264.834,526.708
12/01/1997,190.185,19.012,256.998,541.767,264.16,15.576,4.302,0.73,190.185,47.802,19.549,257.536,542.305
01/01/1998,218.095,19.477,278.211,591.525,293.86,15.811,3.466,0.177,218.095,40.639,19.047,277.781,591.094
02/01/1998,158.343,14.054,212.209,534.593,305.87,12.721,3.709,0.083,158.343,39.813,14.668,212.823,535.207
03/01/1998,179.494,15.307,240.963,585.345,323.122,15.674,5.523,0.063,179.494,46.162,16.458,242.115,586.497
04/01/1998,178.06,17.467,240.612,550.085,291.715,10.788,6.093,0.876,178.06,45.084,16.07,239.214,548.687
05/01/1998,186.622,14.75,250.239,606.593,338.499,9.908,6.486,1.461,186.622,48.867,13.976,249.466,605.82
06/01/1998,128.7,16.033,186.089,538.492,329.782,11.755,6.838,4.027,128.7,41.356,15.135,185.191,537.594
07/01/1998,184.548,15.64,246.326,565.999,292.237,14.565,7.289,5.582,184.548,46.139,15.376,246.062,565.735
08/01/1998,191.758,16.269,254.237,537.288,256.055,15.558,7.139,4.299,191.758,46.21,16.221,254.189,537.24
09/01/1998,186.479,17.262,248.27,487.111,212.368,15.259,6.362,4.852,186.479,44.53,16.908,247.917,486.757
10/01/1998,202.005,17.655,267.922,485.978,192.567,16.743,5.699,3.047,202.005,48.262,18.484,268.751,486.807
11/01/1998,171.31,17.794,230.488,456.086,204.15,15.035,4.567,1.847,171.31,41.384,17.35,230.044,455.642
12/01/1998,198.747,20.766,273.362,553.64,256.829,14.633,4.278,4.539,198.747,53.849,21.342,273.938,554.216
01/01/1999,210.996,19.158,272.26,596.138,301.877,15.171,3.383,3.446,210.996,42.105,18.586,271.688,595.566
02/01/1999,162.352,15.417,220.539,533.206,293.419,12.383,3.706,3.159,162.352,42.77,15.313,220.435,533.102
03/01/1999,149.912,17.696,212.177,564.564,328.047,14.471,5.3,4.568,149.912,44.57,16.867,211.349,563.735
04/01/1999,183.534,19.152,249.92,551.655,279.566,12.382,5.97,3.818,183.534,47.234,16.77,247.537,549.273
05/01/1999,222.166,17.388,289.264,610.254,296.517,15.035,6.619,2.818,222.166,49.711,16.077,287.953,608.943
06/01/1999,173.903,14.336,236.09,571.951,312.577,13.986,6.701,2.596,173.903,47.851,15.636,237.39,573.252
07/01/1999,203.953,14.275,264.292,593.682,303.567,14.153,7.006,4.664,203.953,46.064,14.23,264.247,593.637
08/01/1999,197.764,17.11,258.854,547.076,263.077,14.417,6.819,3.909,197.764,43.98,16.624,258.368,546.59
09/01/1999,181.899,17.877,244.14,482.163,213.64,14.426,6.098,3.859,181.899,44.364,16.972,243.235,481.258
10/01/1999,164.413,19.309,228.256,456.717,203.526,14.953,5.701,4.281,164.413,44.534,19.844,228.79,457.251
11/01/1999,192.219,18.101,254.125,492.906,216.417,14.216,4.525,3.622,192.219,43.805,19.651,255.675,494.456
12/01/1999,171.056,20.99,235.215,515.277,255.344,15.328,4.235,5.155,171.056,43.17,22.398,236.623,516.685
01/01/2000,160.708,19.339,222.067,505.15,258.518,14.724,3.259,6.583,160.708,42.021,19.713,222.442,505.525
02/01/2000,185.259,18.258,246.169,499.959,229.354,13.606,3.628,7.201,185.259,42.652,17.294,245.205,498.995
03/01/2000,195.714,19.502,263.209,558.005,272.397,13.848,4.981,3.571,195.714,47.994,19.973,263.681,558.477
04/01/2000,187.07,19.985,254.609,568.524,290.623,14.367,5.558,3.367,187.07,47.555,18.611,253.235,567.151
05/01/2000,184.011,19.973,254.678,558.724,279.719,13.885,6.279,4.163,184.011,50.694,20.077,254.782,558.828
06/01/2000,167.726,17.673,227.712,509.114,256.913,13.563,6.366,4.56,167.726,42.314,16.306,226.346,507.747
07/01/2000,191.305,19.912,255.348,526.262,246.155,13.983,6.901,3.876,191.305,44.131,19.246,254.682,525.596
08/01/2000,194.632,17.661,254.942,503.686,224.228,14.003,6.674,3.84,194.632,42.649,19.402,256.683,505.427
09/01/2000,180.764,18.729,240.331,443.376,181.584,11.971,6.099,3.391,180.764,40.838,18.906,240.508,443.553
10/01/2000,206.142,20.697,270.472,468.215,175.315,12.837,5.395,4.197,206.142,43.633,21.918,271.693,469.436
11/01/2000,200.803,19.9,261.335,482.866,195.459,13.383,4.293,8.396,200.803,40.632,21.464,262.899,484.43
12/01/2000,207.582,21.518,254.788,477.785,200.852,14.194,4.038,3.914,207.582,25.688,22.801,256.071,479.069
01/01/2001,175.982,21.638,228.434,444.97,194.798,14.612,3.104,4.022,175.982,30.814,23.739,230.534,447.071
02/01/2001,155.969,19.67,202.849,404.069,180.547,12.812,3.404,4.456,155.969,27.21,20.084,203.263,404.482
03/01/2001,168.14,21.192,219.649,455.78,211.591,14.206,4.837,5.498,168.14,30.317,21.55,220.006,456.138
04/01/2001,163.973,19.537,213.628,425.366,186.128,13.162,5.372,7.075,163.973,30.118,18.71,212.8,424.538
05/01/2001,161.457,20.222,211.506,435.516,198.142,12.98,6.326,6.562,161.457,29.828,19.576,210.861,434.871
06/01/2001,163.772,20.044,213.95,454.616,214.179,13.088,6.48,6.919,163.772,30.134,16.692,210.598,451.264
07/01/2001,169.421,21.023,221.842,436.066,186.812,14.087,6.764,6.561,169.421,31.398,23.398,224.217,438.441
08/01/2001,173.357,21.283,225.897,447.902,195.436,13.97,6.635,5.964,173.357,31.258,18.938,223.552,445.558
09/01/2001,163.666,21.008,214.229,396.469,157.641,13.617,5.917,5.066,163.666,29.555,20.372,213.593,395.833
10/01/2001,174.181,22.657,227.319,409.918,157.418,13.913,4.998,6.27,174.181,30.481,25.014,229.675,412.275
11/01/2001,166.005,22.961,219.773,401.771,159.262,13.805,4.071,4.861,166.005,30.807,22.206,219.018,401.017
12/01/2001,169.916,23.218,225.088,449.328,199.905,14.208,3.766,6.362,169.916,31.954,22.369,224.239,448.48
01/01/2002,169.367,25.334,228.396,476.543,221.72,15.114,3.059,8.254,169.367,33.695,23.789,226.851,474.999
02/01/2002,148.458,20.747,198.932,428.357,205.41,13.339,3.413,7.263,148.458,29.727,21.185,199.37,428.795
03/01/2002,159.644,24.003,217.568,459.464,213.723,14.682,4.824,8.668,159.644,33.921,21.037,214.601,456.497
04/01/2002,158.336,22.916,212.852,488.511,246.661,13.292,5.285,10.421,158.336,31.601,22.43,212.366,488.025
05/01/2002,168.013,24.238,225.155,527.649,271.24,14.386,5.906,10.963,168.013,32.904,23.838,224.755,527.249
06/01/2002,159.326,22.416,215.107,533.572,287.009,13.659,6.339,11.458,159.326,33.365,21.848,214.539,533.004
07/01/2002,176.434,24.015,235.713,525.246,259.113,14.857,6.505,9.059,176.434,35.264,24.563,236.261,525.794
08/01/2002,163.556,25.418,224.4,469.661,214.487,14.5,6.338,9.936,163.556,35.426,24.98,223.963,469.223
09/01/2002,171.211,26.251,230.855,431.895,173.824,14.109,5.621,7.486,171.211,33.394,25.367,229.971,431.011
10/01/2002,180.316,29.849,243.767,445.453,174.684,14.581,4.95,7.471,180.316,33.603,29.756,243.674,445.36
11/01/2002,166.492,30.001,230.328,455.854,200.714,14.051,4.089,6.673,166.492,33.835,32.207,232.533,458.059
12/01/2002,174.133,32.931,242.334,488.697,220.434,14.594,3.653,7.683,174.133,35.27,32.335,241.737,488.101
01/01/2003,169.564,33.05,237.044,470.089,208.576,15.061,3.006,6.402,169.564,34.431,30.723,234.717,467.763
02/01/2003,153.718,28.469,212.693,437.335,200.271,13.547,3.277,7.547,153.718,30.507,31.894,216.118,440.76
03/01/2003,166.337,32.649,233.288,508.207,245.048,14.607,4.773,10.491,166.337,34.303,30.555,231.195,506.114
04/01/2003,162.813,32.368,228.516,509.64,250.685,14.062,5.313,11.064,162.813,33.334,32.588,228.736,509.86
05/01/2003,163.891,32.625,229.756,557.612,297.627,14.16,5.879,10.19,163.891,33.24,32.694,229.825,557.681
06/01/2003,162.635,32.703,228.254,549.082,289.436,14.633,6.156,10.602,162.635,32.915,31.844,227.395,548.222
07/01/2003,174.308,33.241,242.533,524.613,251.536,14.76,6.13,9.653,174.308,34.984,32.473,241.766,523.846
08/01/2003,171.772,33.6,239.928,501.519,232.592,14.674,6.069,8.256,171.772,34.556,34.451,240.779,502.37
09/01/2003,164.17,34.169,230.968,447.111,187.115,14.437,5.528,9.062,164.17,32.628,32.475,229.274,445.417
10/01/2003,169.075,35.036,236.938,451.922,186.588,14.431,4.882,9.084,169.075,32.827,35.228,237.129,452.114
11/01/2003,166.306,34.893,233.698,460.811,199.617,13.908,3.852,9.735,166.306,32.498,37.877,236.682,463.794
12/01/2003,177.447,38.591,251.16,524.525,243.449,15.164,3.565,11.187,177.447,35.123,40.285,252.855,526.219
01/01/2004,183.985,39.269,255.574,514.255,230.201,15.493,2.977,10.01,183.985,32.32,40.19,256.495,515.175
02/01/2004,168.663,36.894,236.689,474.095,209.471,14.522,3.181,10.232,168.663,31.132,38.748,238.543,475.949
03/01/2004,175.736,39.846,248.532,510.691,229.509,14.954,4.764,12.933,175.736,32.949,39.945,248.63,510.79
04/01/2004,175.957,39.105,247.253,488.747,209.214,14.075,5.236,12.969,175.957,32.191,40.264,248.412,489.906
05/01/2004,169.777,41.089,244.383,522.597,240.581,14.619,5.97,17.044,169.777,33.517,41.67,244.964,523.178
06/01/2004,171.743,39.836,244.075,531.784,252.927,14.709,6.077,13.994,171.743,32.495,42.516,246.754,534.463
07/01/2004,183.591,40.447,257.042,523.858,233.556,15.32,6.278,11.662,183.591,33.003,40.597,257.191,524.007
08/01/2004,179.526,41.803,254.446,502.48,216.265,15.116,6.129,10.524,179.526,33.116,41.745,254.388,502.422
09/01/2004,171.017,40.538,243.019,479.391,205.581,14.345,5.532,10.914,171.017,31.463,41.372,243.852,480.224
10/01/2004,179.681,41.982,253.52,472.887,188.93,15.308,4.824,10.305,179.681,31.857,43.223,254.761,474.128
11/01/2004,173.661,41.609,247.286,484.745,209.705,14.582,3.835,9.337,173.661,32.016,42.508,248.184,485.644
12/01/2004,187.914,43.302,264.199,557.141,262.527,15.104,3.572,11.739,187.914,32.983,45,265.897,558.839
01/01/2005,185.551,45.102,264.707,537.035,242.697,15.391,2.925,11.315,185.551,34.054,46.014,265.619,537.947
02/01/2005,175.761,41.376,247.271,489.393,216.046,13.222,3.19,9.664,175.761,30.134,41.146,247.041,489.163
03/01/2005,180.584,45.51,260.043,524.494,229.338,14.912,4.597,15.605,180.584,33.949,44.966,259.499,523.95
04/01/2005,171.578,43.143,246.929,514.339,230.561,14.648,5.229,16.973,171.578,32.208,42.537,246.323,513.734
05/01/2005,176.617,44.487,255.79,567.464,272.758,15.513,5.94,17.463,176.617,34.686,45.383,256.686,568.36
06/01/2005,173.219,45.082,252.466,559.554,267.803,15.257,6.06,17.967,173.219,34.165,47.73,255.114,562.202
07/01/2005,182.702,48.33,266.332,561.835,259.542,15.596,6.156,14.208,182.702,35.3,49.025,267.028,562.531
08/01/2005,182.796,48.584,266.097,514.654,215.635,15.407,6.135,11.379,182.796,34.718,51.217,268.73,517.287
09/01/2005,174.501,47.316,255.348,464.168,173.619,15.003,5.515,14.682,174.501,33.531,47.804,255.836,464.655
10/01/2005,178.567,50.269,261.121,475.814,180.046,15.341,4.846,14.46,178.567,32.286,51.536,262.388,477.082
11/01/2005,173.209,49.787,256.532,484.901,193.507,14.973,3.794,16.095,173.209,33.536,51.832,258.577,486.946
12/01/2005,181.612,52.284,268.55,527.161,221.389,15.438,3.508,18.276,181.612,34.653,54.823,271.089,529.7
01/01/2006,187.674,54.188,276.647,590.884,272.144,15.313,3.147,23.633,187.674,34.785,52.761,275.22,589.458
02/01/2006,164.912,51.185,247.274,529.231,245.611,13.834,3.448,19.064,164.912,31.177,48.955,245.044,527
03/01/2006,175.5,56.829,265.069,553.158,244.251,15.628,4.815,23.395,175.5,32.74,55.374,263.614,551.703
04/01/2006,166.537,52.99,250.384,577.819,283.244,14.216,5.458,24.517,166.537,30.858,54.87,252.265,579.7
05/01/2006,171.132,56.266,261.125,611.342,305.688,13.984,6.156,24.388,171.132,33.727,62.992,267.851,618.068
06/01/2006,170.346,59.32,261.96,598.581,295.163,14.911,6.195,20.351,170.346,32.295,69,271.64,608.261
07/01/2006,180.235,60.456,274.809,568.553,252.333,15.628,6.39,19.392,180.235,34.118,65.85,280.203,573.946
08/01/2006,179.396,63.872,277.063,531.447,215.524,15.902,6.541,16.418,179.396,33.794,69.551,282.741,537.126
09/01/2006,173.115,62.519,267.952,478.075,170.621,15.112,5.751,18.639,173.115,32.318,68.463,273.896,484.019
10/01/2006,177.454,64.739,275.12,489.353,169.17,15.766,5.073,24.223,177.454,32.927,72.077,282.458,496.691
11/01/2006,172.741,64.175,270.475,515.797,201.075,14.993,4.054,25.199,172.741,33.56,70.949,277.249,522.571
12/01/2006,180.279,69.095,283.636,542.004,214.21,15.913,3.728,24.517,180.279,34.262,75.418,289.959,548.326
01/01/2007,182.455,71.627,290.845,592.16,257.426,16.297,3.354,24.239,182.455,36.763,76.469,295.687,597.002
02/01/2007,162.893,66.107,261.666,488.001,183.513,14.248,3.669,24.906,162.893,32.666,69.09,264.65,490.985
03/01/2007,174.64,73.657,285.146,574.76,238.832,15.392,5.273,30.117,174.64,36.85,75.945,287.435,577.049
04/01/2007,173.47,72.575,278.386,566.514,236.135,14.824,5.821,31.349,173.47,32.341,71.828,277.639,565.767
05/01/2007,173.553,78.629,286.01,594.208,257.448,14.904,6.664,29.181,173.553,33.828,77.982,285.363,593.561
06/01/2007,170.164,78.428,281.995,555.751,225.519,15.616,6.719,25.9,170.164,33.402,80.617,284.184,557.939
07/01/2007,178.134,83.124,295.653,562.032,222.17,15.849,7.026,21.333,178.134,34.395,82.563,295.092,561.47
08/01/2007,174.785,86.362,295.523,542.044,197.092,15.891,6.856,26.681,174.785,34.377,86.584,295.746,542.266
09/01/2007,169.547,84.913,287.603,483.318,145.715,15.414,6.25,28.335,169.547,33.143,83.95,286.64,482.354
10/01/2007,174.97,89.501,299.416,500.596,146.248,15.989,5.568,33.374,174.97,34.945,92.473,302.388,503.567
11/01/2007,172.532,90.469,297.828,503.177,155.001,15.347,4.409,30.591,172.532,34.827,88.647,296.006,501.355
12/01/2007,181.632,94.677,312.007,547.807,181.289,16.003,4.01,34.497,181.632,35.698,96.665,313.995,549.794
01/01/2008,195.336,99.696,331.138,597.548,204.758,15.825,3.719,42.108,195.336,36.106,95.746,327.188,593.597
02/01/2008,169.281,95.947,300.535,542.194,185.146,14.369,4.189,37.955,169.281,35.307,95.403,299.991,541.65
03/01/2008,175.228,108.172,321.487,604.394,213.526,16.239,6.021,47.122,175.228,38.088,100.607,313.922,596.829
04/01/2008,171.485,106.434,314.073,607.199,219.093,15.79,6.753,51.49,171.485,36.154,105.611,313.25,606.376
05/01/2008,172.47,115.872,324.185,668.768,268.237,16.318,7.404,52.623,172.47,35.843,111.983,320.296,664.879
06/01/2008,167.713,110.288,313.335,675.46,287.514,16.206,7.752,50.653,167.713,35.334,108.741,311.788,673.913
07/01/2008,173.963,119.214,330.507,646.244,251.82,16.514,7.904,39.499,173.963,37.33,118.887,330.18,645.917
08/01/2008,171.954,125.23,333.607,599.201,209.193,16.454,7.779,32.167,171.954,36.423,123.463,331.84,597.434
09/01/2008,164.058,120.382,318.84,531.925,159.42,15.944,7.061,30.66,164.058,34.4,121.277,319.736,532.82
10/01/2008,169.452,124.307,330.125,552.128,152.441,16.495,6.197,46.87,169.452,36.366,126.128,331.946,553.949
11/01/2008,166.136,124.69,327.317,551.737,154.392,15.94,4.881,49.207,166.136,36.491,122.252,324.878,549.298
12/01/2008,161.91,123.769,323.102,614.75,205.569,16.339,4.547,65.193,161.91,37.422,127.044,326.377,618.025
01/01/2009,162.356,118.534,318.353,626.672,229.265,17.14,3.834,58.08,162.356,37.463,113.896,313.715,622.034
02/01/2009,150.552,109.634,294.389,545.223,173.845,15.517,4.354,57.117,150.552,34.203,101.386,286.141,536.975
03/01/2009,159.501,119.507,319.356,625.284,213.036,17.252,6.353,69.287,159.501,40.348,117.49,317.339,623.267
04/01/2009,151.432,115.45,303.489,651.263,251.513,16.341,7.132,72.787,151.432,36.607,119.403,307.442,655.216
05/01/2009,156.528,125.507,319.032,693.147,288.502,16.616,7.88,61.117,156.528,36.998,129.748,323.274,697.389
06/01/2009,158.244,126.318,321.739,685.792,285.318,16.212,7.873,54.65,158.244,37.176,128.286,323.707,687.759
07/01/2009,167.558,137.683,343.841,645.637,228.235,16.814,8.388,48.36,167.558,38.599,137.62,343.778,645.574
08/01/2009,170.874,139.431,348.551,618.027,191.105,16.773,8.265,53.333,170.874,38.246,139.782,348.901,618.377
09/01/2009,161.716,134.584,332.374,570.906,169.421,16.289,7.43,45.391,161.716,36.075,132.892,330.682,569.214
10/01/2009,165.592,142.871,346.472,628.228,192.185,16.479,6.592,66.501,165.592,38.01,143.407,347.009,628.765
11/01/2009,162.144,147.495,348.333,642.567,205.035,16.841,5.256,67.102,162.144,38.694,142.409,343.246,637.48
12/01/2009,168.514,152.906,360.689,692.188,241.363,17.912,4.822,67.403,168.514,39.268,146.999,354.782,686.281
01/01/2010,187.178,150.936,377.071,684.564,218.369,17.852,4.401,66.871,187.178,38.958,141.164,367.299,674.792
02/01/2010,171.797,140.823,347.952,622.652,200.874,15.872,4.96,52.993,171.797,35.332,135.008,342.138,616.837
03/01/2010,187.22,156.949,384.094,696.585,203.761,17.801,7.135,83.795,187.22,39.925,147.757,374.903,687.394
04/01/2010,179.128,150.611,368.922,675.623,186.307,16.99,8.142,95.262,179.128,39.183,147.282,365.593,672.294
05/01/2010,181.788,155.303,376.012,732.65,244.673,17.839,9.273,84.853,181.788,38.921,153.715,374.424,731.062
06/01/2010,182.446,151.148,372.328,768.894,291.254,17.219,9.566,78.526,182.446,38.734,153.327,374.508,771.073
07/01/2010,189.157,156.691,385.443,717.52,239.186,17.479,9.814,65.598,189.157,39.595,157.151,385.903,717.979
08/01/2010,190.522,158.933,389.064,677.96,196.283,17.706,9.68,65.227,190.522,39.609,157.403,387.534,676.43
09/01/2010,184.923,154.972,377.355,641.005,168.439,17.11,8.779,69.321,184.923,37.46,151.737,374.119,637.769
10/01/2010,185.667,161.893,386.771,661.275,172.515,16.975,7.514,77.5,185.667,39.211,159.121,383.999,658.503
11/01/2010,183.819,162.58,386.602,695.959,190.842,17.108,6.309,95.098,183.819,40.202,156.101,380.123,689.48
12/01/2010,193.095,167.041,400.917,739.075,226.037,18.027,5.711,88.383,193.095,40.781,161.47,395.347,733.505
01/01/2011,193.637,167.958,400.13,755.268,248.06,18.48,5.52,83.077,193.637,38.536,152.13,384.302,739.44
02/01/2011,173.103,150.317,359.201,718.247,234.459,16.676,6.363,101.547,173.103,35.781,143.369,352.253,711.299
03/01/2011,186.444,169.593,394.547,826.703,302.503,18.388,8.813,102.452,186.444,38.511,158.974,383.928,816.084
04/01/2011,175.84,161.701,373.224,824.252,303.084,17.258,9.997,120.689,175.84,35.683,152.516,364.039,815.067
05/01/2011,177.915,169.175,384.288,844.606,316.615,18.194,11.13,114.378,177.915,37.199,163.029,378.142,838.459
06/01/2011,184.151,166.87,389.076,836.734,312.381,17.02,11.526,106.731,184.151,38.056,166.3,388.506,836.164
07/01/2011,189.298,169.97,398.608,804.736,303.962,17.723,11.684,72.76,189.298,39.34,160.362,388.999,795.127
08/01/2011,189.485,172.894,401.827,754.488,250.319,17.777,11.952,72.613,189.485,39.447,172.416,401.349,754.01
09/01/2011,183.603,165.114,386.447,688.692,207.705,17.127,10.674,66.739,183.603,37.73,158.35,379.682,681.927
10/01/2011,182.755,174.491,397.089,719.072,192.254,17.836,9.628,102.265,182.755,39.843,165.83,388.427,710.41
11/01/2011,183.367,176.489,400.207,747.237,200.932,17.57,7.674,120.853,183.367,40.352,165.678,389.396,736.426
12/01/2011,193.623,184.737,419.677,779.516,230.58,18.261,7.467,103.532,193.623,41.317,174.966,409.906,769.745
01/01/2012,184.808,175.628,398.833,773.134,219.888,17.4,7.288,129.726,184.808,38.397,154.493,377.697,751.999
02/01/2012,173.569,162.715,372.611,695.351,193.017,16.387,8.165,105.171,173.569,36.328,151.051,360.947,683.687
03/01/2012,177.467,170.029,387.374,796.681,246.546,17.608,11.678,133.476,177.467,39.878,162.998,380.343,789.65
04/01/2012,168.213,163.07,368.516,770.234,250.215,17.084,13.478,120.941,168.213,37.232,159.117,364.563,766.281
05/01/2012,177.25,171.377,386.825,812.443,272.562,17.787,15.933,119.336,177.25,38.198,168.413,383.861,809.479
06/01/2012,176.385,163.931,377.323,778.948,253.685,17.361,16.651,113.928,176.385,37.006,163.819,377.21,778.836
07/01/2012,183.79,155.945,379.041,750.086,252.091,17.946,17.063,83.946,183.79,39.306,156.863,379.959,751.004
08/01/2012,185.198,161.078,385.552,719.598,219.192,17.786,16.478,80.59,185.198,39.276,166.493,390.967,725.012
09/01/2012,179.203,150,366.465,650.584,167.517,17.576,15.384,83.642,179.203,37.263,148.694,365.16,649.279
10/01/2012,180.24,152.466,373.472,682.912,157.02,18.027,14.153,120.241,180.24,40.766,157.631,378.637,688.077
11/01/2012,178.719,148.782,368.172,686.847,178.257,18.023,11.547,110.848,178.719,40.671,148.982,368.372,687.048
12/01/2012,186.371,153.866,382.521,769.199,218.713,18.608,11.142,138.215,186.371,42.283,151.417,380.071,766.749
01/01/2013,199.658,150.116,391.206,797.741,236.889,18.578,10.449,140.62,199.658,41.432,149.174,390.264,796.799
02/01/2013,179.53,137.251,353.773,711.752,194.813,16.666,12.205,134.295,179.53,36.992,139.285,355.807,713.786
03/01/2013,195.918,159.161,397.238,779.063,195.918,18.543,17.039,150.325,195.918,42.16,161.362,399.439,781.264
04/01/2013,185.361,159.769,385.899,828.095,239.451,17.376,18.627,166.741,185.361,40.77,161.997,388.128,830.323
05/01/2013,193.12,169.453,404.043,869.011,271.442,17.87,20.722,154.933,193.12,41.47,170.666,405.256,870.224
06/01/2013,192.995,167.146,400.577,832.404,261.271,17.415,21.97,131.171,192.995,40.437,172.624,406.055,837.883
07/01/2013,204.781,170.283,417.027,823.306,260.036,18.148,22.251,105.844,204.781,41.963,171.443,418.187,824.467
08/01/2013,202.372,166.758,411.328,750.86,206.403,18.011,23.202,91.917,202.372,42.198,172.073,416.642,756.174
09/01/2013,190.5,162.24,392.654,705.477,161.826,17.616,21.998,111.382,190.5,39.914,170.498,400.912,713.734
10/01/2013,195.16,177.495,414.632,748.438,164.092,18.402,21.221,130.092,195.16,41.976,183.08,420.217,754.023
11/01/2013,195.075,176.018,413.361,767.298,168.655,16.959,17.543,150.779,195.075,42.268,175.941,413.284,767.22
12/01/2013,203.786,185.25,433.893,804.457,201.585,18.423,17.297,133.26,203.786,44.857,185.514,434.157,804.721
01/01/2014,204.463,169.589,418.976,829.869,205.737,18.279,16.541,170.336,204.463,44.923,163.976,413.362,824.256
02/01/2014,185.762,153.382,379.971,712.911,165.437,16.342,17.938,133.222,185.762,40.827,151.699,378.288,711.228
03/01/2014,203.755,172.687,420.974,864.628,230.685,18.114,26.186,168.668,203.755,44.532,168.937,417.224,860.878
04/01/2014,192.91,169.65,406.459,872.356,241.934,17.711,29.029,177.224,192.91,43.899,168.006,404.815,870.712
05/01/2014,196.178,177.941,417.246,869.197,252.432,18.064,33.086,148.369,196.178,43.127,176.546,415.851,867.802
06/01/2014,200.325,177.292,420.03,867.486,244.824,17.519,34.866,150.247,200.325,42.412,175.57,418.307,865.763
07/01/2014,206.684,183.262,434.94,834.722,231.639,17.942,34.299,115.902,206.684,44.994,180.073,431.752,831.534
08/01/2014,207.939,179.302,430.195,768.348,188.367,18.034,35.03,96.722,207.939,42.954,181.597,432.49,770.643
09/01/2014,195.842,173.21,409.688,722.945,152.867,17.654,33.184,109.553,195.842,40.635,171.931,408.409,721.666
10/01/2014,200.486,179.049,422.001,772.2,163.184,18.185,30.86,137.97,200.486,42.467,180.124,423.076,773.275
11/01/2014,198.644,176.777,416.969,816.738,177.123,18.176,25.045,179.424,198.644,41.549,174.886,415.078,814.847
12/01/2014,208.088,191.27,442.916,834.986,212.347,18.469,21.349,139.904,208.088,43.558,183.923,435.569,827.639
01/01/2015,202.234,177.934,423.312,828.681,224.946,18.085,21.042,141.296,202.234,43.145,164.578,409.957,815.326
02/01/2015,182.561,161.849,382.846,771.253,207.684,16.614,25.055,139.054,182.561,38.436,158.442,379.439,767.846
03/01/2015,192.639,179.665,415.134,837.363,226.274,18.384,34.916,142.655,192.639,42.831,176.429,411.898,834.126
04/01/2015,187.51,172.115,401.278,833.831,209.407,17.077,39.565,166.504,187.51,41.652,171.352,400.515,833.068
05/01/2015,193.159,183.33,418.828,827.082,187.549,18.348,42.524,159.833,193.159,42.339,185.978,421.476,829.73
06/01/2015,190.357,184.164,416.506,792.384,190.239,17.349,43.217,125.073,190.357,41.985,187.294,419.636,795.514
07/01/2015,199.086,187.267,431.961,818.218,195.832,18.036,44.948,127.442,199.086,45.608,189.183,433.877,820.134
08/01/2015,199.922,184.812,428.805,792.071,178.199,17.919,45.255,121.893,199.922,44.071,189.815,433.808,797.073
09/01/2015,189.658,175.497,407.021,742.598,149.981,16.429,38.966,130.201,189.658,41.867,183.279,414.803,750.379
10/01/2015,187.832,183.159,415.534,775.164,154.979,17.722,34.283,152.646,187.832,44.543,184.095,416.47,776.1
11/01/2015,189.32,181.749,416.219,827.127,180.209,17.647,29.638,183.414,189.32,45.15,178.533,413.003,823.911
12/01/2015,197.492,189.898,434.134,882.748,215.88,18.225,27.212,187.297,197.492,46.745,184.268,428.505,877.118
01/01/2016,196.98,185.228,424.372,875.069,236.473,17.675,26.066,170.482,192.064,42.164,173.48,407.709,858.406
02/01/2016,187.36,176.031,403.858,864.259,222.851,16.51,35.123,185.916,180.737,40.467,173.162,394.367,854.768
03/01/2016,191.226,190.242,425.011,941.33,252.863,17.52,43.391,202.545,185.352,43.543,186.866,415.762,932.08
04/01/2016,178.487,174.648,395.813,891.158,238.906,16.366,48.053,192.019,173.579,42.678,174.878,391.135,886.479
05/01/2016,187.494,188.777,419.21,901.579,235.29,17.766,55.309,174.004,180.992,42.94,192.613,416.546,898.915
06/01/2016,190.652,189.35,420.069,858.232,214.523,16.758,56.37,150.513,182.443,40.067,192.11,414.62,852.783
07/01/2016,192.829,195.919,430.196,870.043,198.076,17.484,61.635,162.653,188.71,41.448,201.722,431.88,871.727
08/01/2016,196.474,198.477,436.909,821.757,180.666,17.604,61.121,125.457,190.437,41.958,205.414,437.809,822.656
09/01/2016,186.119,187.216,412.641,788.075,151.106,17.453,55.436,151.438,179.12,39.307,192.696,411.122,786.556
10/01/2016,185.797,193.852,420.363,835.07,160.072,17.871,49.027,187.736,179.692,40.714,195.694,416.1,830.807
11/01/2016,187.679,192.014,423.015,834.992,173.638,17.796,41.391,179.153,182.87,43.322,194.582,420.774,832.751
12/01/2016,215.601,203.194,463.404,940.948,207.976,18.801,37.087,213.679,208.124,44.61,203.973,456.707,934.251
01/01/2017,202.281,197.165,444.476,925.749,246.796,18.131,33.557,182.789,195.719,45.03,181.073,421.822,903.095
02/01/2017,180.582,177.107,397.288,866.733,217.825,16.285,40.038,195.296,175.153,39.599,167.651,382.403,851.847
03/01/2017,200.506,197.318,441.256,1021.968,269.679,18.149,62.625,230.26,193.552,43.433,191.262,428.247,1008.96
04/01/2017,187.868,183.259,411.814,996.307,270.77,17.535,69.427,226.762,182.028,40.686,185.005,407.719,992.213
05/01/2017,192.288,197.127,430.896,1034.357,298.355,17.218,81.055,206.832,186.911,41.48,201.569,429.961,1033.421
06/01/2017,194.507,191.659,426.229,990.102,278.434,16.403,86.535,182.501,187.828,40.063,199.185,427.077,990.95
07/01/2017,201.816,196.122,438.783,931.227,244.064,17.88,83.455,147.044,196.269,40.845,196.477,433.591,926.034
08/01/2017,204.786,203.402,449.102,873.31,201.312,17.785,79.621,125.491,198.28,40.915,205.256,444.451,868.659
09/01/2017,190.023,192.055,420.181,851.164,175.664,17.168,73.652,164.5,182.64,38.102,190.088,410.831,841.814
10/01/2017,195.955,200.758,437.087,923.532,168.449,16.716,68.139,233.141,189.677,40.374,196.438,426.489,912.934
11/01/2017,197.039,203.282,441.859,920.297,189.462,17.097,50.016,221.863,189.994,41.537,194.257,425.788,904.227
12/01/2017,208.656,205.044,456.895,958.1,206.158,19.866,48.769,226.411,199.631,43.195,195.258,438.084,939.289
01/01/2018,210.694,199.523,453.546,981.709,228.534,17.623,48.61,233.396,205.113,43.328,186.508,434.949,963.112
02/01/2018,191.484,183.606,415.246,925.764,227.059,16.488,55.542,211.429,183.659,40.156,165.761,389.576,900.094
03/01/2018,206.161,201.616,451.018,1019.631,235.797,17.855,73.682,241.279,200.341,43.24,192.011,435.592,1004.205
04/01/2018,196.309,191.115,428.086,1027.746,256.354,16.051,86.276,240.98,189.016,40.661,181.294,410.971,1010.632
05/01/2018,205.279,201.876,447.908,1058.475,277.591,18,96.583,218.392,197.351,40.753,200.542,438.646,1049.213
06/01/2018,203.799,200.293,443.085,1039.305,251.634,17.071,102.289,225.227,195.002,38.993,193.785,427.779,1024
07/01/2018,211.608,209.602,460.71,954.66,228.858,17.881,97.262,149.949,204.873,39.5,199.489,443.861,937.811
08/01/2018,212.433,212.287,464.607,959.417,200.75,17.858,95.253,180.948,204.186,39.888,205.896,449.97,944.78
09/01/2018,198.536,193.836,428.893,874.507,174.752,17.327,84.683,168.851,190.008,36.521,182.001,408.53,854.143
10/01/2018,204.115,204.468,449.529,910.452,178.24,17.001,72.448,193.234,194.718,40.945,195.775,431.439,892.362
11/01/2018,202.994,198.235,442.168,915.795,199.8,17.354,55.746,200.726,194.266,40.939,188.869,424.073,897.7
12/01/2018,210.24,200.115,452.778,949.304,207.865,18.579,48.472,221.611,201.064,42.423,191.315,434.802,931.328
01/01/2019,209.015,195.435,442.735,965.271,220.797,18.344,54.195,229.2,202.972,38.286,178.261,419.519,942.055
02/01/2019,190.735,176.755,402.281,885.262,199.041,16.784,57.491,209.664,182.339,34.79,171.265,388.394,871.374
03/01/2019,199.346,191.263,428.774,1003.919,232.964,18.481,85.705,237.995,192.232,38.165,188.618,419.015,994.159
04/01/2019,194.305,193.286,422.5,1040.096,232.386,16.501,97.849,270.861,186.183,34.909,184.62,405.713,1023.309
05/01/2019,201.378,202.015,438.4,1071.462,274.114,17.666,104.477,236.805,193.41,35.007,198.743,427.16,1060.221
06/01/2019,197.153,197.046,429.385,1010.046,241.358,17.632,112.486,209.184,187.81,35.187,193.248,416.245,996.905
07/01/2019,203.417,202.891,441.724,992.773,216.397,18.257,115.613,200.782,195.062,35.417,193.973,424.451,975.5
08/01/2019,210.721,199.004,445.566,945.836,189.582,18.231,111.312,181.145,200.27,35.842,196.527,432.639,932.908
09/01/2019,196.363,182.097,411.967,897.277,149.279,17.829,96.647,221.556,186.642,33.507,178.468,398.617,883.927
10/01/2019,196.21,191.976,425.046,934.314,148.65,17.029,86.974,256.614,187.468,36.859,190.275,414.603,923.871
11/01/2019,195.314,191.984,423.871,925.001,187.383,15.355,64.46,233.932,186.801,36.573,187.665,411.039,912.17
